assessment_id,assessment_title,tool_version,tool_release_date,scenario,submitter_unit_id,L1,submitter_org_id,L2,L3,L4,L5,L6,L7,scenario_id,L8,spec_id,distribution_id,P1,P2,sdo_id,P3,P4,P5,P6,P7,P8,P9,P10,C1,C2,C3,C4,C5,assessment_date,io_spec_type,criterion_camss_id,criterion_sha_id,score_id,score,statement_id,statement
4461a0b5c36539cbe32a1a3f88e0bc6b438eb53765a4ffa2e7b03a874fab3cf6,Ogg,3.1.0,31/03/2020,EIF,5c0509f7568696d426de2893d44096f36d8ae2ba4a3fea25d0943a9fd276d640,CAMSS Team,ddf032efca18c9e6eaa97bc90924977af1d96bffe564b351a6081835c75d8164,everis,,,,CAMSS@everis.com,2020-09-30,fa3a7cf6ccb859ff672f6579e000e61d96f0756c83c13b96e3139ae97beb13bd,European Interoperability Framework (EIF),47e7ed6830faf5afca36b869493258d3bb509577b30ef469770a164a0f602ec3,121410ab-c522-4e78-aeb5-4fff5cbf46e8,Ogg,https://xiph.org/ogg/doc/rfc3533.txt,35d317bf5ee5f9080ac657da5237232cdba5d984a0bfbd88af91fbb8c659d506,Other SDO/SSO,,,,,,,,,,,,,2020-09-30,Generic Specification,A1,8eb17470327d32b3bb523447fe72ee5c60ddb03e81dae318b485fbe05f48a844,4b613b59-514f-40ff-a3b6-087bec3b744b,1,8767969c-bc5e-4e27-a7a1-7e45f8a2345d,"Ogg is included in the Spanish national catalogue of recommended specifications. The National Interoperability Framework (NIF) of this Member States is fully aligned with at least 4 out of 5 sections of the European Interoperability Framework (EIF) according to the National Interoperability Framework Observatory (NIFO) factsheets. 

National catalogue Spain: 
https://administracionelectronica.gob.es/pae_Home/pae_Estrategias/pae_Interoperabilidad_Inicio/pae_Normas_tecnicas_de_interoperabilidad.html#CATALOGOESTANDARES

NIFO factsheets:
https://joinup.ec.europa.eu/collection/national-interoperability-framework-observatory-nifo/nifo-factsheets"
4461a0b5c36539cbe32a1a3f88e0bc6b438eb53765a4ffa2e7b03a874fab3cf6,Ogg,3.1.0,31/03/2020,EIF,5c0509f7568696d426de2893d44096f36d8ae2ba4a3fea25d0943a9fd276d640,CAMSS Team,ddf032efca18c9e6eaa97bc90924977af1d96bffe564b351a6081835c75d8164,everis,,,,CAMSS@everis.com,2020-09-30,fa3a7cf6ccb859ff672f6579e000e61d96f0756c83c13b96e3139ae97beb13bd,European Interoperability Framework (EIF),47e7ed6830faf5afca36b869493258d3bb509577b30ef469770a164a0f602ec3,121410ab-c522-4e78-aeb5-4fff5cbf46e8,Ogg,https://xiph.org/ogg/doc/rfc3533.txt,35d317bf5ee5f9080ac657da5237232cdba5d984a0bfbd88af91fbb8c659d506,Other SDO/SSO,,,,,,,,,,,,,2020-09-30,Generic Specification,A2,02333ef99fbcb4f101a106bcf97c9559888756b085b1729b7c2ac9626dc4bc63,07647bf4-8705-4003-8f8f-f62a5d12f577,0,59f1384a-7f3e-4ba3-b335-493c1ce7d688,"Ogg is an open source container format which can multiplex a number of independent streams of audio, video, text (such as subtitles), and metadata. It does not support the first level of maturity of Tim Berners-Lee 5-star schema for Open Data which is to make data available on the Web.

Ogg XIPH reference:
https://xiph.org/ogg/doc/rfc3533.txt

Tim Berners-Lee 5-star schema for Open Data:
https://5stardata.info/en/"
4461a0b5c36539cbe32a1a3f88e0bc6b438eb53765a4ffa2e7b03a874fab3cf6,Ogg,3.1.0,31/03/2020,EIF,5c0509f7568696d426de2893d44096f36d8ae2ba4a3fea25d0943a9fd276d640,CAMSS Team,ddf032efca18c9e6eaa97bc90924977af1d96bffe564b351a6081835c75d8164,everis,,,,CAMSS@everis.com,2020-09-30,fa3a7cf6ccb859ff672f6579e000e61d96f0756c83c13b96e3139ae97beb13bd,European Interoperability Framework (EIF),47e7ed6830faf5afca36b869493258d3bb509577b30ef469770a164a0f602ec3,121410ab-c522-4e78-aeb5-4fff5cbf46e8,Ogg,https://xiph.org/ogg/doc/rfc3533.txt,35d317bf5ee5f9080ac657da5237232cdba5d984a0bfbd88af91fbb8c659d506,Other SDO/SSO,,,,,,,,,,,,,2020-09-30,Generic Specification,A3,f70d8bc1b4b6e186d69ea3f7f8cc7b2d75314b84e7f481ebe13b4e6ed8b36598,33589a3f-95cf-4be0-b4c3-3bfd84d82466,1,ea269000-c183-46b1-85ba-545c3913fdf6,"Xiph.Org Foundation is a non-profit corporation dedicated to protecting the foundations of Internet multimedia from control by private interests. Their main purpose is to support and develop free, open protocols and software to serve the public, developer, and business markets.
All stakeholders can contribute in the development of their specifications.

XIPH contribution:
https://wiki.xiph.org/How_to_help"
4461a0b5c36539cbe32a1a3f88e0bc6b438eb53765a4ffa2e7b03a874fab3cf6,Ogg,3.1.0,31/03/2020,EIF,5c0509f7568696d426de2893d44096f36d8ae2ba4a3fea25d0943a9fd276d640,CAMSS Team,ddf032efca18c9e6eaa97bc90924977af1d96bffe564b351a6081835c75d8164,everis,,,,CAMSS@everis.com,2020-09-30,fa3a7cf6ccb859ff672f6579e000e61d96f0756c83c13b96e3139ae97beb13bd,European Interoperability Framework (EIF),47e7ed6830faf5afca36b869493258d3bb509577b30ef469770a164a0f602ec3,121410ab-c522-4e78-aeb5-4fff5cbf46e8,Ogg,https://xiph.org/ogg/doc/rfc3533.txt,35d317bf5ee5f9080ac657da5237232cdba5d984a0bfbd88af91fbb8c659d506,Other SDO/SSO,,,,,,,,,,,,,2020-09-30,Generic Specification,A4,7aa038b5496afb8cb229c692be9a2adc175deb2d5d47e35ad67e027c9eac28ba,61bf9151-55eb-47a5-9963-1a34466b6acf,1,d436eabe-9194-4160-a3d7-44ec8f740569,"In Xiph organisation, there is a monthly meeting where everyone can assist and give their opinions about changes or improvements of the specifications. However, the final decision belongs to a committee that has to approve it.

Monthly XIPH meetings:
https://wiki.xiph.org/MonthlyMeeting

Admin process XIPH:
https://wiki.xiph.org/AdminProcesses"
4461a0b5c36539cbe32a1a3f88e0bc6b438eb53765a4ffa2e7b03a874fab3cf6,Ogg,3.1.0,31/03/2020,EIF,5c0509f7568696d426de2893d44096f36d8ae2ba4a3fea25d0943a9fd276d640,CAMSS Team,ddf032efca18c9e6eaa97bc90924977af1d96bffe564b351a6081835c75d8164,everis,,,,CAMSS@everis.com,2020-09-30,fa3a7cf6ccb859ff672f6579e000e61d96f0756c83c13b96e3139ae97beb13bd,European Interoperability Framework (EIF),47e7ed6830faf5afca36b869493258d3bb509577b30ef469770a164a0f602ec3,121410ab-c522-4e78-aeb5-4fff5cbf46e8,Ogg,https://xiph.org/ogg/doc/rfc3533.txt,35d317bf5ee5f9080ac657da5237232cdba5d984a0bfbd88af91fbb8c659d506,Other SDO/SSO,,,,,,,,,,,,,2020-09-30,Generic Specification,A5,31bf959b6c4a983ec70eb87e0177f2739575ebce42c7c3b95b9012ef3bfe673e,110c298c-38b5-41fa-b132-b2efc77e9aa9,1,37609cbd-5204-453d-b400-59565b011100,"Ogg is publicly available for its use and implementation. Moreover, it is available for everyone to study with no cost on XIPH webpage.

Ogg XIPH reference:
https://xiph.org/ogg/doc/rfc3533.txt"
4461a0b5c36539cbe32a1a3f88e0bc6b438eb53765a4ffa2e7b03a874fab3cf6,Ogg,3.1.0,31/03/2020,EIF,5c0509f7568696d426de2893d44096f36d8ae2ba4a3fea25d0943a9fd276d640,CAMSS Team,ddf032efca18c9e6eaa97bc90924977af1d96bffe564b351a6081835c75d8164,everis,,,,CAMSS@everis.com,2020-09-30,fa3a7cf6ccb859ff672f6579e000e61d96f0756c83c13b96e3139ae97beb13bd,European Interoperability Framework (EIF),47e7ed6830faf5afca36b869493258d3bb509577b30ef469770a164a0f602ec3,121410ab-c522-4e78-aeb5-4fff5cbf46e8,Ogg,https://xiph.org/ogg/doc/rfc3533.txt,35d317bf5ee5f9080ac657da5237232cdba5d984a0bfbd88af91fbb8c659d506,Other SDO/SSO,,,,,,,,,,,,,2020-09-30,Generic Specification,A6,a81c4b8658f57e819297eb0b7977407f8d814c6fe749c74a8ac497277ca7d9d8,377dc8d6-3f74-4bf9-99a8-c1eb45a8e79c,1,cb80050e-407b-4426-8c9e-b81419b71f29,"All XIPH standards are under BSD-style license which is a specific license for open source specifications. More specifically it is a free-software license with only minimal restrictions on how the software can be used, modified, and redistributed, usually including a warranty disclaimer.

XIPH documentaiton:
https://wiki.xiph.org/index.php/Main_Page"
4461a0b5c36539cbe32a1a3f88e0bc6b438eb53765a4ffa2e7b03a874fab3cf6,Ogg,3.1.0,31/03/2020,EIF,5c0509f7568696d426de2893d44096f36d8ae2ba4a3fea25d0943a9fd276d640,CAMSS Team,ddf032efca18c9e6eaa97bc90924977af1d96bffe564b351a6081835c75d8164,everis,,,,CAMSS@everis.com,2020-09-30,fa3a7cf6ccb859ff672f6579e000e61d96f0756c83c13b96e3139ae97beb13bd,European Interoperability Framework (EIF),47e7ed6830faf5afca36b869493258d3bb509577b30ef469770a164a0f602ec3,121410ab-c522-4e78-aeb5-4fff5cbf46e8,Ogg,https://xiph.org/ogg/doc/rfc3533.txt,35d317bf5ee5f9080ac657da5237232cdba5d984a0bfbd88af91fbb8c659d506,Other SDO/SSO,,,,,,,,,,,,,2020-09-30,Generic Specification,A7,1cd71a7b6d54631ba58cc8b0655a443d696f49ec74a0f4cccc871de7789d6a60,0d91e4be-847b-4148-a4ad-a5d017df7f1d,1,289ef51a-a798-441e-a630-dcd2e5c4b081,"All XIPH standards are under BSD-style license which is a specific license for open source specifications. More specifically it is a free-software license with only minimal restrictions on how the software can be used, modified, and redistributed, usually including a warranty disclaimer.

XIPH documentaiton:
https://wiki.xiph.org/index.php/Main_Page"
4461a0b5c36539cbe32a1a3f88e0bc6b438eb53765a4ffa2e7b03a874fab3cf6,Ogg,3.1.0,31/03/2020,EIF,5c0509f7568696d426de2893d44096f36d8ae2ba4a3fea25d0943a9fd276d640,CAMSS Team,ddf032efca18c9e6eaa97bc90924977af1d96bffe564b351a6081835c75d8164,everis,,,,CAMSS@everis.com,2020-09-30,fa3a7cf6ccb859ff672f6579e000e61d96f0756c83c13b96e3139ae97beb13bd,European Interoperability Framework (EIF),47e7ed6830faf5afca36b869493258d3bb509577b30ef469770a164a0f602ec3,121410ab-c522-4e78-aeb5-4fff5cbf46e8,Ogg,https://xiph.org/ogg/doc/rfc3533.txt,35d317bf5ee5f9080ac657da5237232cdba5d984a0bfbd88af91fbb8c659d506,Other SDO/SSO,,,,,,,,,,,,,2020-09-30,Generic Specification,A8,6bedf555bffb837990b9eb353447fa116eb9d2384770b1dd3de46d3c5901d4f4,bf4166f2-53b2-4d3c-8046-08c6059d42d5,1,4d187119-ec49-42ba-8672-275a8b62f30a,"Ogg started as a simple project of audio compression in 1993. In 2003, two Internet RFCs were published relating to the Ogg format. The Ogg bitstream published as RFC 3533 and RFC 3534 which includes the Internet content type of Ogg. It became very popular for being an open source multimedia container format. So it is mature enough for its use in the development of products and services.

Ogg XIPH reference:
https://xiph.org/ogg/doc/rfc3533.txt"
4461a0b5c36539cbe32a1a3f88e0bc6b438eb53765a4ffa2e7b03a874fab3cf6,Ogg,3.1.0,31/03/2020,EIF,5c0509f7568696d426de2893d44096f36d8ae2ba4a3fea25d0943a9fd276d640,CAMSS Team,ddf032efca18c9e6eaa97bc90924977af1d96bffe564b351a6081835c75d8164,everis,,,,CAMSS@everis.com,2020-09-30,fa3a7cf6ccb859ff672f6579e000e61d96f0756c83c13b96e3139ae97beb13bd,European Interoperability Framework (EIF),47e7ed6830faf5afca36b869493258d3bb509577b30ef469770a164a0f602ec3,121410ab-c522-4e78-aeb5-4fff5cbf46e8,Ogg,https://xiph.org/ogg/doc/rfc3533.txt,35d317bf5ee5f9080ac657da5237232cdba5d984a0bfbd88af91fbb8c659d506,Other SDO/SSO,,,,,,,,,,,,,2020-09-30,Generic Specification,A9,d129862d6c9639e131c7d5eef095af16ef94d57ec0d52f955bf909ba8ec688e8,48025db1-c4e8-484f-a25c-8de92c37faa3,1,20fde542-b4d9-425a-a942-deafa67a64e4,"Ogg has a good market acceptance. The online news portal Tagesschau was awarded for making all its video entries available in the open format Ogg. A few countries recommend Ogg as an open source multimedia container.

Tagesschau awarded for Ogg:
https://joinup.ec.europa.eu/collection/open-source-observatory-osor/news/former-german-justice-ministe

Ogg XIPH reference:
https://xiph.org/ogg/doc/rfc3533.txt"
4461a0b5c36539cbe32a1a3f88e0bc6b438eb53765a4ffa2e7b03a874fab3cf6,Ogg,3.1.0,31/03/2020,EIF,5c0509f7568696d426de2893d44096f36d8ae2ba4a3fea25d0943a9fd276d640,CAMSS Team,ddf032efca18c9e6eaa97bc90924977af1d96bffe564b351a6081835c75d8164,everis,,,,CAMSS@everis.com,2020-09-30,fa3a7cf6ccb859ff672f6579e000e61d96f0756c83c13b96e3139ae97beb13bd,European Interoperability Framework (EIF),47e7ed6830faf5afca36b869493258d3bb509577b30ef469770a164a0f602ec3,121410ab-c522-4e78-aeb5-4fff5cbf46e8,Ogg,https://xiph.org/ogg/doc/rfc3533.txt,35d317bf5ee5f9080ac657da5237232cdba5d984a0bfbd88af91fbb8c659d506,Other SDO/SSO,,,,,,,,,,,,,2020-09-30,Generic Specification,A10,21276471c1781fa2c7e78c8e03851e076b840beddbf5cf64f53b54b8855a01b8,7857fc8e-5005-4bf5-9d87-ed5032d4fbe3,1,88ac6fc5-2f5a-46fc-acf2-70faae02d9a9,"Ogg is one of the most used free media container to publish videos using HTML5. HTML5 is an important mark-up language which is used to develop websites. So Ogg can be considered a specification that fosters the creation of innovative solutions.

Ogg XIPH reference:
https://xiph.org/ogg/doc/rfc3533.txt

Ogg with HTML5:
https://designcoral.com/tips/what-formats-are-needed-to-publish-html5-videos/"
4461a0b5c36539cbe32a1a3f88e0bc6b438eb53765a4ffa2e7b03a874fab3cf6,Ogg,3.1.0,31/03/2020,EIF,5c0509f7568696d426de2893d44096f36d8ae2ba4a3fea25d0943a9fd276d640,CAMSS Team,ddf032efca18c9e6eaa97bc90924977af1d96bffe564b351a6081835c75d8164,everis,,,,CAMSS@everis.com,2020-09-30,fa3a7cf6ccb859ff672f6579e000e61d96f0756c83c13b96e3139ae97beb13bd,European Interoperability Framework (EIF),47e7ed6830faf5afca36b869493258d3bb509577b30ef469770a164a0f602ec3,121410ab-c522-4e78-aeb5-4fff5cbf46e8,Ogg,https://xiph.org/ogg/doc/rfc3533.txt,35d317bf5ee5f9080ac657da5237232cdba5d984a0bfbd88af91fbb8c659d506,Other SDO/SSO,,,,,,,,,,,,,2020-09-30,Generic Specification,A11,b21a3eb972a2119979bc57368474efa809e8dd16cede48bc492e8b64da1abee9,7b9dae17-d1bf-4e7c-b5f7-370bcf565cb2,1,dc156861-d253-4a8d-898e-7cb36859b420,"Ogg is maintained and developed by XIPH. All standards developed by XIPH have a mirror copy in IETF webpage which is an international community developing open standards. 

Ogg XIPH reference:
https://xiph.org/ogg/doc/rfc3533.txt

Ogg mirror copy in IETF:
https://tools.ietf.org/html/rfc3533

Developer community IETF: 
https://www.ietf.org/about/"
4461a0b5c36539cbe32a1a3f88e0bc6b438eb53765a4ffa2e7b03a874fab3cf6,Ogg,3.1.0,31/03/2020,EIF,5c0509f7568696d426de2893d44096f36d8ae2ba4a3fea25d0943a9fd276d640,CAMSS Team,ddf032efca18c9e6eaa97bc90924977af1d96bffe564b351a6081835c75d8164,everis,,,,CAMSS@everis.com,2020-09-30,fa3a7cf6ccb859ff672f6579e000e61d96f0756c83c13b96e3139ae97beb13bd,European Interoperability Framework (EIF),47e7ed6830faf5afca36b869493258d3bb509577b30ef469770a164a0f602ec3,121410ab-c522-4e78-aeb5-4fff5cbf46e8,Ogg,https://xiph.org/ogg/doc/rfc3533.txt,35d317bf5ee5f9080ac657da5237232cdba5d984a0bfbd88af91fbb8c659d506,Other SDO/SSO,,,,,,,,,,,,,2020-09-30,Generic Specification,A12,19598487b8ba278c3438dcfd74b74d9aad51beac08c53dbf40bf108ed09e72b2,4430c202-455a-467f-8856-47f07d62975d,1,b5e4c59c-ac8c-48ff-ade4-7db0ae05b9bf,"Although Ogg’s purpose is not to foster the visibility of administrative data or services, it can help to enhance the visualization and visibility of public administrations by providing multimedia content. In fact, the specification helps to store and eases the visualization of media content in any platform of a public administration.

Ogg XIPH reference:
https://xiph.org/ogg/doc/rfc3533.txt"
4461a0b5c36539cbe32a1a3f88e0bc6b438eb53765a4ffa2e7b03a874fab3cf6,Ogg,3.1.0,31/03/2020,EIF,5c0509f7568696d426de2893d44096f36d8ae2ba4a3fea25d0943a9fd276d640,CAMSS Team,ddf032efca18c9e6eaa97bc90924977af1d96bffe564b351a6081835c75d8164,everis,,,,CAMSS@everis.com,2020-09-30,fa3a7cf6ccb859ff672f6579e000e61d96f0756c83c13b96e3139ae97beb13bd,European Interoperability Framework (EIF),47e7ed6830faf5afca36b869493258d3bb509577b30ef469770a164a0f602ec3,121410ab-c522-4e78-aeb5-4fff5cbf46e8,Ogg,https://xiph.org/ogg/doc/rfc3533.txt,35d317bf5ee5f9080ac657da5237232cdba5d984a0bfbd88af91fbb8c659d506,Other SDO/SSO,,,,,,,,,,,,,2020-09-30,Generic Specification,A13,7ab883158b51681c78f90d1a00bbb3840aa2c86e309a9abd1ad6e6eedb5e2735,e0115480-7d77-4510-b148-8d260fc387bf,1,ea30e635-43ea-494d-945d-918b7b2833a2,"Ogg can help comprehend the multimedia data of public administration by adding text as subtitles. In this sense, the specification can play an active role on the representation of the information in an easier visual way. This fact can consider Ogg to foster the comprehensibility of administrative rules and data.

Ogg XIPH reference:
https://xiph.org/ogg/doc/rfc3533.txt"
4461a0b5c36539cbe32a1a3f88e0bc6b438eb53765a4ffa2e7b03a874fab3cf6,Ogg,3.1.0,31/03/2020,EIF,5c0509f7568696d426de2893d44096f36d8ae2ba4a3fea25d0943a9fd276d640,CAMSS Team,ddf032efca18c9e6eaa97bc90924977af1d96bffe564b351a6081835c75d8164,everis,,,,CAMSS@everis.com,2020-09-30,fa3a7cf6ccb859ff672f6579e000e61d96f0756c83c13b96e3139ae97beb13bd,European Interoperability Framework (EIF),47e7ed6830faf5afca36b869493258d3bb509577b30ef469770a164a0f602ec3,121410ab-c522-4e78-aeb5-4fff5cbf46e8,Ogg,https://xiph.org/ogg/doc/rfc3533.txt,35d317bf5ee5f9080ac657da5237232cdba5d984a0bfbd88af91fbb8c659d506,Other SDO/SSO,,,,,,,,,,,,,2020-09-30,Generic Specification,A14,33ea90f5c1bb01d4398c57d03a25934dc5722d5ddbc98a43911ea4fb302ec54c,a302c0b2-bf6a-4380-aaa3-b6f64d055b59,2,aef3559d-4697-46f9-8a43-ec2399d2cf28,"The purpose of Ogg is not related to the availability of interfaces with internal information systems. Therefore, this criterion is not applicable to this specification. 

Ogg XIPH reference:
https://xiph.org/ogg/doc/rfc3533.txt"
4461a0b5c36539cbe32a1a3f88e0bc6b438eb53765a4ffa2e7b03a874fab3cf6,Ogg,3.1.0,31/03/2020,EIF,5c0509f7568696d426de2893d44096f36d8ae2ba4a3fea25d0943a9fd276d640,CAMSS Team,ddf032efca18c9e6eaa97bc90924977af1d96bffe564b351a6081835c75d8164,everis,,,,CAMSS@everis.com,2020-09-30,fa3a7cf6ccb859ff672f6579e000e61d96f0756c83c13b96e3139ae97beb13bd,European Interoperability Framework (EIF),47e7ed6830faf5afca36b869493258d3bb509577b30ef469770a164a0f602ec3,121410ab-c522-4e78-aeb5-4fff5cbf46e8,Ogg,https://xiph.org/ogg/doc/rfc3533.txt,35d317bf5ee5f9080ac657da5237232cdba5d984a0bfbd88af91fbb8c659d506,Other SDO/SSO,,,,,,,,,,,,,2020-09-30,Generic Specification,A15,3aec34db3622bf18675b8216d0fc1d68fc7eeb501b4f3326402038a3ceb95c21,13a547c0-b93c-4332-bc55-07edc0042b48,1,9ebbeff5-e0f2-459b-9061-aa22a1c50966,"Ogg is a business domain agnostic specification that can be reused in a cross-domain way.

Ogg XIPH reference:
https://xiph.org/ogg/doc/rfc3533.txt"
4461a0b5c36539cbe32a1a3f88e0bc6b438eb53765a4ffa2e7b03a874fab3cf6,Ogg,3.1.0,31/03/2020,EIF,5c0509f7568696d426de2893d44096f36d8ae2ba4a3fea25d0943a9fd276d640,CAMSS Team,ddf032efca18c9e6eaa97bc90924977af1d96bffe564b351a6081835c75d8164,everis,,,,CAMSS@everis.com,2020-09-30,fa3a7cf6ccb859ff672f6579e000e61d96f0756c83c13b96e3139ae97beb13bd,European Interoperability Framework (EIF),47e7ed6830faf5afca36b869493258d3bb509577b30ef469770a164a0f602ec3,121410ab-c522-4e78-aeb5-4fff5cbf46e8,Ogg,https://xiph.org/ogg/doc/rfc3533.txt,35d317bf5ee5f9080ac657da5237232cdba5d984a0bfbd88af91fbb8c659d506,Other SDO/SSO,,,,,,,,,,,,,2020-09-30,Generic Specification,A16,c2cedd44f05183dae5548108bdeace2c092b84c7c5d89c475b0741ddae7fc7b2,c1d99ebd-beb7-4a47-9624-8d110906cb1b,1,e4f49554-1f17-47d5-973d-5b15617bad9c,"The specification is available for its use and implementation at the XIPH webpage defined in several RFCs. Moreover, all Ogg RFCs have a mirror copy in IETF's webpage.

Ogg XIPH reference:
https://xiph.org/ogg/doc/rfc3533.txt

Ogg Media Types XIPH reference:
https://tools.ietf.org/html/rfc5334"
4461a0b5c36539cbe32a1a3f88e0bc6b438eb53765a4ffa2e7b03a874fab3cf6,Ogg,3.1.0,31/03/2020,EIF,5c0509f7568696d426de2893d44096f36d8ae2ba4a3fea25d0943a9fd276d640,CAMSS Team,ddf032efca18c9e6eaa97bc90924977af1d96bffe564b351a6081835c75d8164,everis,,,,CAMSS@everis.com,2020-09-30,fa3a7cf6ccb859ff672f6579e000e61d96f0756c83c13b96e3139ae97beb13bd,European Interoperability Framework (EIF),47e7ed6830faf5afca36b869493258d3bb509577b30ef469770a164a0f602ec3,121410ab-c522-4e78-aeb5-4fff5cbf46e8,Ogg,https://xiph.org/ogg/doc/rfc3533.txt,35d317bf5ee5f9080ac657da5237232cdba5d984a0bfbd88af91fbb8c659d506,Other SDO/SSO,,,,,,,,,,,,,2020-09-30,Generic Specification,A17,17bea234285e6e633e4e21105358610ad5f5f0eaaf82f4bd50cb64ec11538984,9e88bbad-f640-4e46-ba7f-851bb40996d7,0,042ce67c-0b91-4c70-a487-d512b08ad747,There is no national or European platform with the specification Ogg available for free. 
4461a0b5c36539cbe32a1a3f88e0bc6b438eb53765a4ffa2e7b03a874fab3cf6,Ogg,3.1.0,31/03/2020,EIF,5c0509f7568696d426de2893d44096f36d8ae2ba4a3fea25d0943a9fd276d640,CAMSS Team,ddf032efca18c9e6eaa97bc90924977af1d96bffe564b351a6081835c75d8164,everis,,,,CAMSS@everis.com,2020-09-30,fa3a7cf6ccb859ff672f6579e000e61d96f0756c83c13b96e3139ae97beb13bd,European Interoperability Framework (EIF),47e7ed6830faf5afca36b869493258d3bb509577b30ef469770a164a0f602ec3,121410ab-c522-4e78-aeb5-4fff5cbf46e8,Ogg,https://xiph.org/ogg/doc/rfc3533.txt,35d317bf5ee5f9080ac657da5237232cdba5d984a0bfbd88af91fbb8c659d506,Other SDO/SSO,,,,,,,,,,,,,2020-09-30,Generic Specification,A18,5879b43fc249f0098f3ed687235f432f71bf0c11bd3aa95e063dfdacd64606c8,952c6fc6-e663-4abb-8027-7da153fe907d,0,aa621166-c179-4b85-809f-0e1e25f5d038,"Ogg was designed to create an open source multimedia container which it is independent of any vendor. However, Ogg is dependant of some open source technologies that make it up. The audio layer is most commonly provided by Vorbis format or its successor Opus. Lossless audio compression formats include FLAC, and OggPCM.

Ogg XIPH reference:
https://xiph.org/ogg/doc/rfc3533.txt"
4461a0b5c36539cbe32a1a3f88e0bc6b438eb53765a4ffa2e7b03a874fab3cf6,Ogg,3.1.0,31/03/2020,EIF,5c0509f7568696d426de2893d44096f36d8ae2ba4a3fea25d0943a9fd276d640,CAMSS Team,ddf032efca18c9e6eaa97bc90924977af1d96bffe564b351a6081835c75d8164,everis,,,,CAMSS@everis.com,2020-09-30,fa3a7cf6ccb859ff672f6579e000e61d96f0756c83c13b96e3139ae97beb13bd,European Interoperability Framework (EIF),47e7ed6830faf5afca36b869493258d3bb509577b30ef469770a164a0f602ec3,121410ab-c522-4e78-aeb5-4fff5cbf46e8,Ogg,https://xiph.org/ogg/doc/rfc3533.txt,35d317bf5ee5f9080ac657da5237232cdba5d984a0bfbd88af91fbb8c659d506,Other SDO/SSO,,,,,,,,,,,,,2020-09-30,Generic Specification,A19,ba46c76c10ad769a23ce4a9a34cb4d96a00407d5fc14ad1c791a870be7563c2b,2b0f9478-5de6-4a0e-9ead-293a2948b864,1,a32ef9c7-d6aa-495f-8cf9-20e517df1f49,"The adoption of Ogg as a media container format for exchanging data does not hamper the scalability of systems. It is widely adopted for this purpose because it is independent of any platform. 

Ogg XIPH reference:
https://xiph.org/ogg/doc/rfc3533.txt"
4461a0b5c36539cbe32a1a3f88e0bc6b438eb53765a4ffa2e7b03a874fab3cf6,Ogg,3.1.0,31/03/2020,EIF,5c0509f7568696d426de2893d44096f36d8ae2ba4a3fea25d0943a9fd276d640,CAMSS Team,ddf032efca18c9e6eaa97bc90924977af1d96bffe564b351a6081835c75d8164,everis,,,,CAMSS@everis.com,2020-09-30,fa3a7cf6ccb859ff672f6579e000e61d96f0756c83c13b96e3139ae97beb13bd,European Interoperability Framework (EIF),47e7ed6830faf5afca36b869493258d3bb509577b30ef469770a164a0f602ec3,121410ab-c522-4e78-aeb5-4fff5cbf46e8,Ogg,https://xiph.org/ogg/doc/rfc3533.txt,35d317bf5ee5f9080ac657da5237232cdba5d984a0bfbd88af91fbb8c659d506,Other SDO/SSO,,,,,,,,,,,,,2020-09-30,Generic Specification,A20,ab64f97c21ac8b84c75d6f52a89765b1c8fd1856d2d2060926d05e94f306a88d,ad361691-8c99-4c92-b748-ae13bd106dad,2,7f05e011-0a7b-4e4f-a2d0-bc9baaea69a0,"The purpose of Ogg is not related with data portability. Therefore, this criterion is not applicable to this specification. 

Ogg XIPH reference:
https://xiph.org/ogg/doc/rfc3533.txt"
4461a0b5c36539cbe32a1a3f88e0bc6b438eb53765a4ffa2e7b03a874fab3cf6,Ogg,3.1.0,31/03/2020,EIF,5c0509f7568696d426de2893d44096f36d8ae2ba4a3fea25d0943a9fd276d640,CAMSS Team,ddf032efca18c9e6eaa97bc90924977af1d96bffe564b351a6081835c75d8164,everis,,,,CAMSS@everis.com,2020-09-30,fa3a7cf6ccb859ff672f6579e000e61d96f0756c83c13b96e3139ae97beb13bd,European Interoperability Framework (EIF),47e7ed6830faf5afca36b869493258d3bb509577b30ef469770a164a0f602ec3,121410ab-c522-4e78-aeb5-4fff5cbf46e8,Ogg,https://xiph.org/ogg/doc/rfc3533.txt,35d317bf5ee5f9080ac657da5237232cdba5d984a0bfbd88af91fbb8c659d506,Other SDO/SSO,,,,,,,,,,,,,2020-09-30,Generic Specification,A21,624bc49501d58649e27cae4fb89fb5a56844685e54c5ce1625633894f8f752e1,bb04d626-ed50-43fb-9958-f762b953ee9f,2,812fbe64-03c4-4bce-955c-067e7c1dba44,"The purpose of Ogg is not related to the implementation of the once-only principle. Therefore, this criterion does not apply to this specification. 

Ogg XIPH reference:
https://xiph.org/ogg/doc/rfc3533.txt"
4461a0b5c36539cbe32a1a3f88e0bc6b438eb53765a4ffa2e7b03a874fab3cf6,Ogg,3.1.0,31/03/2020,EIF,5c0509f7568696d426de2893d44096f36d8ae2ba4a3fea25d0943a9fd276d640,CAMSS Team,ddf032efca18c9e6eaa97bc90924977af1d96bffe564b351a6081835c75d8164,everis,,,,CAMSS@everis.com,2020-09-30,fa3a7cf6ccb859ff672f6579e000e61d96f0756c83c13b96e3139ae97beb13bd,European Interoperability Framework (EIF),47e7ed6830faf5afca36b869493258d3bb509577b30ef469770a164a0f602ec3,121410ab-c522-4e78-aeb5-4fff5cbf46e8,Ogg,https://xiph.org/ogg/doc/rfc3533.txt,35d317bf5ee5f9080ac657da5237232cdba5d984a0bfbd88af91fbb8c659d506,Other SDO/SSO,,,,,,,,,,,,,2020-09-30,Generic Specification,A22,fef5941bab92019b7692f8544de94715a42ed9ff76d89cbec4fb6f9821611925,37302e85-a724-41b4-9671-26aa1de0c7a4,2,8e181a8d-599d-49fa-a156-e0a09685908d,"The purpose of Ogg is not related to e-accessibility. Therefore, this criterion is considered not applicable to this specification.

Ogg XIPH reference:
https://xiph.org/ogg/doc/rfc3533.txt"
4461a0b5c36539cbe32a1a3f88e0bc6b438eb53765a4ffa2e7b03a874fab3cf6,Ogg,3.1.0,31/03/2020,EIF,5c0509f7568696d426de2893d44096f36d8ae2ba4a3fea25d0943a9fd276d640,CAMSS Team,ddf032efca18c9e6eaa97bc90924977af1d96bffe564b351a6081835c75d8164,everis,,,,CAMSS@everis.com,2020-09-30,fa3a7cf6ccb859ff672f6579e000e61d96f0756c83c13b96e3139ae97beb13bd,European Interoperability Framework (EIF),47e7ed6830faf5afca36b869493258d3bb509577b30ef469770a164a0f602ec3,121410ab-c522-4e78-aeb5-4fff5cbf46e8,Ogg,https://xiph.org/ogg/doc/rfc3533.txt,35d317bf5ee5f9080ac657da5237232cdba5d984a0bfbd88af91fbb8c659d506,Other SDO/SSO,,,,,,,,,,,,,2020-09-30,Generic Specification,A23,483e8900c47b40bc67a6bd1cbfce07884b9ac5f2c85e0214f334cc37e4e65c35,de2ecd0f-62f3-4cb7-ad7d-8276630c18d3,0,7732e5db-4bd9-4155-91ca-36ea4c87337d,"Ogg does not provide for any generic encryption or signing of itself or its contained content. However, it is also possible to add an external security mechanism that encrypts or signs an Ogg physical bitstream and thus provides content confidentiality and authenticity.

Ogg XIPH reference:
https://xiph.org/ogg/doc/rfc3533.txt"
4461a0b5c36539cbe32a1a3f88e0bc6b438eb53765a4ffa2e7b03a874fab3cf6,Ogg,3.1.0,31/03/2020,EIF,5c0509f7568696d426de2893d44096f36d8ae2ba4a3fea25d0943a9fd276d640,CAMSS Team,ddf032efca18c9e6eaa97bc90924977af1d96bffe564b351a6081835c75d8164,everis,,,,CAMSS@everis.com,2020-09-30,fa3a7cf6ccb859ff672f6579e000e61d96f0756c83c13b96e3139ae97beb13bd,European Interoperability Framework (EIF),47e7ed6830faf5afca36b869493258d3bb509577b30ef469770a164a0f602ec3,121410ab-c522-4e78-aeb5-4fff5cbf46e8,Ogg,https://xiph.org/ogg/doc/rfc3533.txt,35d317bf5ee5f9080ac657da5237232cdba5d984a0bfbd88af91fbb8c659d506,Other SDO/SSO,,,,,,,,,,,,,2020-09-30,Generic Specification,A24,4ac14cafe608f1dbe7e48f96edd7574c55f0aac2c2e99ede0418dae7225977af,dcadc26a-0e25-405e-a625-710f1ab4bc28,2,b76eb823-b6d4-4ac5-a85a-0bf8c5a9e98d,"The purpose of Ogg is not related to the delivery of multilingual public services. However, Ogg as an open multimedia container, could add subtitles as text to foster the delivery of multilingual in media files.

Ogg XIPH reference:
https://xiph.org/ogg/doc/rfc3533.txt"
4461a0b5c36539cbe32a1a3f88e0bc6b438eb53765a4ffa2e7b03a874fab3cf6,Ogg,3.1.0,31/03/2020,EIF,5c0509f7568696d426de2893d44096f36d8ae2ba4a3fea25d0943a9fd276d640,CAMSS Team,ddf032efca18c9e6eaa97bc90924977af1d96bffe564b351a6081835c75d8164,everis,,,,CAMSS@everis.com,2020-09-30,fa3a7cf6ccb859ff672f6579e000e61d96f0756c83c13b96e3139ae97beb13bd,European Interoperability Framework (EIF),47e7ed6830faf5afca36b869493258d3bb509577b30ef469770a164a0f602ec3,121410ab-c522-4e78-aeb5-4fff5cbf46e8,Ogg,https://xiph.org/ogg/doc/rfc3533.txt,35d317bf5ee5f9080ac657da5237232cdba5d984a0bfbd88af91fbb8c659d506,Other SDO/SSO,,,,,,,,,,,,,2020-09-30,Generic Specification,A25,ffdbd22af1ff3c1ebb100043d062a3df160007af761caf0a8c9f50f02e609c9e,16f68af5-0142-4c72-884d-526677e5d2b7,2,43af4d36-deed-4117-aea2-523688547ab4,"The purpose of this specification is not related to reduce administrative burden. The main purpose of Ogg is to proportionate a multimedia open source format/container. Therefore, this criterion is considered not applicable to this specification. 

Ogg XIPH reference:
https://xiph.org/ogg/doc/rfc3533.txt"
4461a0b5c36539cbe32a1a3f88e0bc6b438eb53765a4ffa2e7b03a874fab3cf6,Ogg,3.1.0,31/03/2020,EIF,5c0509f7568696d426de2893d44096f36d8ae2ba4a3fea25d0943a9fd276d640,CAMSS Team,ddf032efca18c9e6eaa97bc90924977af1d96bffe564b351a6081835c75d8164,everis,,,,CAMSS@everis.com,2020-09-30,fa3a7cf6ccb859ff672f6579e000e61d96f0756c83c13b96e3139ae97beb13bd,European Interoperability Framework (EIF),47e7ed6830faf5afca36b869493258d3bb509577b30ef469770a164a0f602ec3,121410ab-c522-4e78-aeb5-4fff5cbf46e8,Ogg,https://xiph.org/ogg/doc/rfc3533.txt,35d317bf5ee5f9080ac657da5237232cdba5d984a0bfbd88af91fbb8c659d506,Other SDO/SSO,,,,,,,,,,,,,2020-09-30,Generic Specification,A26,8a34a40e5bc5436b3530d898d75a57cf0488591887b31a5169499fe78952d84c,4b2cc26c-966f-4a7b-85dc-d00b92e55153,1,5726c466-d264-4554-8dd0-456a444e7086,"Although Ogg’s purpose is not the long-term preservation of data, it can be used to store multimedia content. 

Ogg XIPH reference:
https://xiph.org/ogg/doc/rfc3533.txt"
4461a0b5c36539cbe32a1a3f88e0bc6b438eb53765a4ffa2e7b03a874fab3cf6,Ogg,3.1.0,31/03/2020,EIF,5c0509f7568696d426de2893d44096f36d8ae2ba4a3fea25d0943a9fd276d640,CAMSS Team,ddf032efca18c9e6eaa97bc90924977af1d96bffe564b351a6081835c75d8164,everis,,,,CAMSS@everis.com,2020-09-30,fa3a7cf6ccb859ff672f6579e000e61d96f0756c83c13b96e3139ae97beb13bd,European Interoperability Framework (EIF),47e7ed6830faf5afca36b869493258d3bb509577b30ef469770a164a0f602ec3,121410ab-c522-4e78-aeb5-4fff5cbf46e8,Ogg,https://xiph.org/ogg/doc/rfc3533.txt,35d317bf5ee5f9080ac657da5237232cdba5d984a0bfbd88af91fbb8c659d506,Other SDO/SSO,,,,,,,,,,,,,2020-09-30,Generic Specification,A27,cc5bd9a7d0b2acc7f246522414fd5f5d579b977180bb04fa60a545cb35dae90f,a407a4a4-b681-4857-9d14-e3ec608b0b0b,1,b46a216d-bc8b-4548-9a01-bb6191d3ac1b,"There are documents that compare different audio formats that forms Ogg. From there, it can be assessed the efficiency and effectiveness of the usage of Ogg. 

Audio formats comparison:
https://stsaz.github.io/fmedia/audio-formats/

Ogg XIPH reference:
https://xiph.org/ogg/doc/rfc3533.txt"
4461a0b5c36539cbe32a1a3f88e0bc6b438eb53765a4ffa2e7b03a874fab3cf6,Ogg,3.1.0,31/03/2020,EIF,5c0509f7568696d426de2893d44096f36d8ae2ba4a3fea25d0943a9fd276d640,CAMSS Team,ddf032efca18c9e6eaa97bc90924977af1d96bffe564b351a6081835c75d8164,everis,,,,CAMSS@everis.com,2020-09-30,fa3a7cf6ccb859ff672f6579e000e61d96f0756c83c13b96e3139ae97beb13bd,European Interoperability Framework (EIF),47e7ed6830faf5afca36b869493258d3bb509577b30ef469770a164a0f602ec3,121410ab-c522-4e78-aeb5-4fff5cbf46e8,Ogg,https://xiph.org/ogg/doc/rfc3533.txt,35d317bf5ee5f9080ac657da5237232cdba5d984a0bfbd88af91fbb8c659d506,Other SDO/SSO,,,,,,,,,,,,,2020-09-30,Generic Specification,A28,7d28663fdb5deb361d5ad773d7b7ece3c6acf8d2eb7a1222a60cb08df4c93aac,cf942acd-ee8c-45c3-b00a-5b2c737265d3,1,9729a1dc-b071-4bc0-a247-bcd1771eafc2,"Ogg is already associated with EIRA ABBs in the European Library Of Specifications (ELIS). More specifically, Ogg can define the interoperability aspects of the ""Representation"" ABB of the EIRA Semantic View.

EIRA Library of Interoperability Specifications (ELIS):
https://joinup.ec.europa.eu/solution/elis/release/v100"
4461a0b5c36539cbe32a1a3f88e0bc6b438eb53765a4ffa2e7b03a874fab3cf6,Ogg,3.1.0,31/03/2020,EIF,5c0509f7568696d426de2893d44096f36d8ae2ba4a3fea25d0943a9fd276d640,CAMSS Team,ddf032efca18c9e6eaa97bc90924977af1d96bffe564b351a6081835c75d8164,everis,,,,CAMSS@everis.com,2020-09-30,fa3a7cf6ccb859ff672f6579e000e61d96f0756c83c13b96e3139ae97beb13bd,European Interoperability Framework (EIF),47e7ed6830faf5afca36b869493258d3bb509577b30ef469770a164a0f602ec3,121410ab-c522-4e78-aeb5-4fff5cbf46e8,Ogg,https://xiph.org/ogg/doc/rfc3533.txt,35d317bf5ee5f9080ac657da5237232cdba5d984a0bfbd88af91fbb8c659d506,Other SDO/SSO,,,,,,,,,,,,,2020-09-30,Generic Specification,A29,c967c90bfc7bc13426924eca012de349ae51d4e8f652fe64bfbec2cccc8c8146,51cfc09f-85cf-42a4-95ae-9ae419364520,0,69fafc2c-0826-4f87-9ed5-1f66d64e9cda,"After searching for a certification or conformity test to validate Ogg, no tool has been found that assess the conformity of the specification."
4461a0b5c36539cbe32a1a3f88e0bc6b438eb53765a4ffa2e7b03a874fab3cf6,Ogg,3.1.0,31/03/2020,EIF,5c0509f7568696d426de2893d44096f36d8ae2ba4a3fea25d0943a9fd276d640,CAMSS Team,ddf032efca18c9e6eaa97bc90924977af1d96bffe564b351a6081835c75d8164,everis,,,,CAMSS@everis.com,2020-09-30,fa3a7cf6ccb859ff672f6579e000e61d96f0756c83c13b96e3139ae97beb13bd,European Interoperability Framework (EIF),47e7ed6830faf5afca36b869493258d3bb509577b30ef469770a164a0f602ec3,121410ab-c522-4e78-aeb5-4fff5cbf46e8,Ogg,https://xiph.org/ogg/doc/rfc3533.txt,35d317bf5ee5f9080ac657da5237232cdba5d984a0bfbd88af91fbb8c659d506,Other SDO/SSO,,,,,,,,,,,,,2020-09-30,Generic Specification,A30,8c09094de9d71f12686896827a205db683b6df58fa363bc5be2a7d99989e7dd0,213f111f-7c2f-4960-a506-ff7a22f0e626,1,2badafc5-9745-4db0-925f-51ecdf200ff1,"5 Member States are recommending Ogg in their ICT National Catalogues. These Member States are France, Germany, Norway, Poland and Spain.

CAMSS List of Standards:
https://joinup.ec.europa.eu/collection/common-assessment-method-standards-and-specifications-camss/camss-list-standards"
4461a0b5c36539cbe32a1a3f88e0bc6b438eb53765a4ffa2e7b03a874fab3cf6,Ogg,3.1.0,31/03/2020,EIF,5c0509f7568696d426de2893d44096f36d8ae2ba4a3fea25d0943a9fd276d640,CAMSS Team,ddf032efca18c9e6eaa97bc90924977af1d96bffe564b351a6081835c75d8164,everis,,,,CAMSS@everis.com,2020-09-30,fa3a7cf6ccb859ff672f6579e000e61d96f0756c83c13b96e3139ae97beb13bd,European Interoperability Framework (EIF),47e7ed6830faf5afca36b869493258d3bb509577b30ef469770a164a0f602ec3,121410ab-c522-4e78-aeb5-4fff5cbf46e8,Ogg,https://xiph.org/ogg/doc/rfc3533.txt,35d317bf5ee5f9080ac657da5237232cdba5d984a0bfbd88af91fbb8c659d506,Other SDO/SSO,,,,,,,,,,,,,2020-09-30,Generic Specification,A31,39ffef052c31580b50b418f3991e9de7db4dc182fcf96f5a447d7f8e09560612,fafc16c2-7d02-49a3-92ed-c55da5681da6,0,a85b67f9-98b4-41af-b26c-e326a34e3b36,"After searching in the different official European websites, there is no evidence of any cross-border project that use Ogg nor explicit agreements involving the usage of the specification."
4461a0b5c36539cbe32a1a3f88e0bc6b438eb53765a4ffa2e7b03a874fab3cf6,Ogg,3.1.0,31/03/2020,EIF,5c0509f7568696d426de2893d44096f36d8ae2ba4a3fea25d0943a9fd276d640,CAMSS Team,ddf032efca18c9e6eaa97bc90924977af1d96bffe564b351a6081835c75d8164,everis,,,,CAMSS@everis.com,2020-09-30,fa3a7cf6ccb859ff672f6579e000e61d96f0756c83c13b96e3139ae97beb13bd,European Interoperability Framework (EIF),47e7ed6830faf5afca36b869493258d3bb509577b30ef469770a164a0f602ec3,121410ab-c522-4e78-aeb5-4fff5cbf46e8,Ogg,https://xiph.org/ogg/doc/rfc3533.txt,35d317bf5ee5f9080ac657da5237232cdba5d984a0bfbd88af91fbb8c659d506,Other SDO/SSO,,,,,,,,,,,,,2020-09-30,Generic Specification,A32,838030847fa0adf54939e3feaac0ac2510924c54035e1cb671b223b54b02fd70,72307d08-2b92-4da0-9292-20d20a452324,1,0280a325-9f03-4a11-be3f-6cf77182f475,"The specification is included in 5 Member States' catalogues of recommended specifications. These Member States are France, Germany, Norway, Poland and Spain.

CAMSS List of Standards:
https://joinup.ec.europa.eu/collection/common-assessment-method-standards-and-specifications-camss/camss-list-standards"
4461a0b5c36539cbe32a1a3f88e0bc6b438eb53765a4ffa2e7b03a874fab3cf6,Ogg,3.1.0,31/03/2020,EIF,5c0509f7568696d426de2893d44096f36d8ae2ba4a3fea25d0943a9fd276d640,CAMSS Team,ddf032efca18c9e6eaa97bc90924977af1d96bffe564b351a6081835c75d8164,everis,,,,CAMSS@everis.com,2020-09-30,fa3a7cf6ccb859ff672f6579e000e61d96f0756c83c13b96e3139ae97beb13bd,European Interoperability Framework (EIF),47e7ed6830faf5afca36b869493258d3bb509577b30ef469770a164a0f602ec3,121410ab-c522-4e78-aeb5-4fff5cbf46e8,Ogg,https://xiph.org/ogg/doc/rfc3533.txt,35d317bf5ee5f9080ac657da5237232cdba5d984a0bfbd88af91fbb8c659d506,Other SDO/SSO,,,,,,,,,,,,,2020-09-30,Generic Specification,A33,7a18abe4842e04b608025fd70e54c3db5c2a10130c0dab0495479e7d5effb55d,3b7b580a-c8cc-4ef9-802a-7af72f79d803,0,63e956b0-d8db-4698-85ff-7f13dada733a,"After checking the different standard catalogues at supra-national level, there is no evidence of the inclusion of Ogg within any European catalogue of standards.

ICT technical specifications:
https://ec.europa.eu/growth/industry/policy/ict-standardisation/ict-technical-specifications_en 

CEN search tool catalogue:
https://standards.cen.eu/dyn/www/f?p=CENWEB:105::RESET::::

CENELEC search tool catalogue:
https://www.cenelec.eu/dyn/www/f?p=104:107:0::::FSP_LANG_ID:25"
4461a0b5c36539cbe32a1a3f88e0bc6b438eb53765a4ffa2e7b03a874fab3cf6,Ogg,3.1.0,31/03/2020,EIF,5c0509f7568696d426de2893d44096f36d8ae2ba4a3fea25d0943a9fd276d640,CAMSS Team,ddf032efca18c9e6eaa97bc90924977af1d96bffe564b351a6081835c75d8164,everis,,,,CAMSS@everis.com,2020-09-30,fa3a7cf6ccb859ff672f6579e000e61d96f0756c83c13b96e3139ae97beb13bd,European Interoperability Framework (EIF),47e7ed6830faf5afca36b869493258d3bb509577b30ef469770a164a0f602ec3,121410ab-c522-4e78-aeb5-4fff5cbf46e8,Ogg,https://xiph.org/ogg/doc/rfc3533.txt,35d317bf5ee5f9080ac657da5237232cdba5d984a0bfbd88af91fbb8c659d506,Other SDO/SSO,,,,,,,,,,,,,2020-09-30,Generic Specification,A34,5df7a9f6081c945a22f500aa0ba2c452b8b9cd9497bd643ac76c39d34a18c319,91003bbc-a4b5-4229-8aa9-c2d10307e59d,0,49bcfc72-cbc8-4f7e-85af-50b3b5cb4147,No evidences have been found of the specification being included in a formal interoperability agreement between organisations involved in the European public services provision.
4461a0b5c36539cbe32a1a3f88e0bc6b438eb53765a4ffa2e7b03a874fab3cf6,Ogg,3.1.0,31/03/2020,EIF,5c0509f7568696d426de2893d44096f36d8ae2ba4a3fea25d0943a9fd276d640,CAMSS Team,ddf032efca18c9e6eaa97bc90924977af1d96bffe564b351a6081835c75d8164,everis,,,,CAMSS@everis.com,2020-09-30,fa3a7cf6ccb859ff672f6579e000e61d96f0756c83c13b96e3139ae97beb13bd,European Interoperability Framework (EIF),47e7ed6830faf5afca36b869493258d3bb509577b30ef469770a164a0f602ec3,121410ab-c522-4e78-aeb5-4fff5cbf46e8,Ogg,https://xiph.org/ogg/doc/rfc3533.txt,35d317bf5ee5f9080ac657da5237232cdba5d984a0bfbd88af91fbb8c659d506,Other SDO/SSO,,,,,,,,,,,,,2020-09-30,Generic Specification,A35,53abe85b1365f86aa58a25566e54e082ea2d70ee8d9fbaf09ccab20af30f3332,ba0dea1a-a471-4cb6-a9a3-3659c1b2ef1a,0,a54c4b27-b003-49c1-9e52-3d7b3048beb3,"After checking the assessments performed by CAMSS and the list of specifications identified by the MSP Multi-stakeholder-platform, no assessment verifying the compliance of the specification with the European standardisation regulation has been found.

ICT technical specifications:
https://ec.europa.eu/growth/industry/policy/ict-standardisation/ict-technical-specifications_en"
4461a0b5c36539cbe32a1a3f88e0bc6b438eb53765a4ffa2e7b03a874fab3cf6,Ogg,3.1.0,31/03/2020,EIF,5c0509f7568696d426de2893d44096f36d8ae2ba4a3fea25d0943a9fd276d640,CAMSS Team,ddf032efca18c9e6eaa97bc90924977af1d96bffe564b351a6081835c75d8164,everis,,,,CAMSS@everis.com,2020-09-30,fa3a7cf6ccb859ff672f6579e000e61d96f0756c83c13b96e3139ae97beb13bd,European Interoperability Framework (EIF),47e7ed6830faf5afca36b869493258d3bb509577b30ef469770a164a0f602ec3,121410ab-c522-4e78-aeb5-4fff5cbf46e8,Ogg,https://xiph.org/ogg/doc/rfc3533.txt,35d317bf5ee5f9080ac657da5237232cdba5d984a0bfbd88af91fbb8c659d506,Other SDO/SSO,,,,,,,,,,,,,2020-09-30,Generic Specification,A36,c265ca0c56e0f29a34039d496ba707b5486ccf6d445f9f058c19b4ece977861f,cae388a8-03c5-4047-a2c7-ff299c74ef8c,2,e0c3d3e5-f8e1-4559-b93b-4b38bb1f8039,"The purpose of Ogg is not related to the modelling of business processes. Therefore, this criterion is not applicable to the specification. 

Ogg XIPH reference:
https://xiph.org/ogg/doc/rfc3533.txt"
4461a0b5c36539cbe32a1a3f88e0bc6b438eb53765a4ffa2e7b03a874fab3cf6,Ogg,3.1.0,31/03/2020,EIF,5c0509f7568696d426de2893d44096f36d8ae2ba4a3fea25d0943a9fd276d640,CAMSS Team,ddf032efca18c9e6eaa97bc90924977af1d96bffe564b351a6081835c75d8164,everis,,,,CAMSS@everis.com,2020-09-30,fa3a7cf6ccb859ff672f6579e000e61d96f0756c83c13b96e3139ae97beb13bd,European Interoperability Framework (EIF),47e7ed6830faf5afca36b869493258d3bb509577b30ef469770a164a0f602ec3,121410ab-c522-4e78-aeb5-4fff5cbf46e8,Ogg,https://xiph.org/ogg/doc/rfc3533.txt,35d317bf5ee5f9080ac657da5237232cdba5d984a0bfbd88af91fbb8c659d506,Other SDO/SSO,,,,,,,,,,,,,2020-09-30,Generic Specification,A37,6d48464387e608d3022bd07338cd3859acfb0f84139186a979ef3b96baa51086,30447e5a-7b54-4cb0-9e5c-adb1069f63a7,2,8271d6e8-07aa-41ea-a8a0-18a0641f9462,"The purpose of Ogg is not related to organisational interoperability. Therefore, this criterion is not applicable to the specification. 

Ogg XIPH reference:
https://xiph.org/ogg/doc/rfc3533.txt"
4461a0b5c36539cbe32a1a3f88e0bc6b438eb53765a4ffa2e7b03a874fab3cf6,Ogg,3.1.0,31/03/2020,EIF,5c0509f7568696d426de2893d44096f36d8ae2ba4a3fea25d0943a9fd276d640,CAMSS Team,ddf032efca18c9e6eaa97bc90924977af1d96bffe564b351a6081835c75d8164,everis,,,,CAMSS@everis.com,2020-09-30,fa3a7cf6ccb859ff672f6579e000e61d96f0756c83c13b96e3139ae97beb13bd,European Interoperability Framework (EIF),47e7ed6830faf5afca36b869493258d3bb509577b30ef469770a164a0f602ec3,121410ab-c522-4e78-aeb5-4fff5cbf46e8,Ogg,https://xiph.org/ogg/doc/rfc3533.txt,35d317bf5ee5f9080ac657da5237232cdba5d984a0bfbd88af91fbb8c659d506,Other SDO/SSO,,,,,,,,,,,,,2020-09-30,Generic Specification,A38,8954ddabf37f4899562b9ea4c8f0bbf204f3e48c9203043bc231f368092396a2,0575f4b0-2f62-4d71-9c7b-5808724e8afd,0,116be53b-9d88-4325-bb7a-d069c52fc2fb,"Ogg does not define a cross-sector reusable data model, but it defines an open standard for multimedia files. 

Ogg XIPH reference:
https://xiph.org/ogg/doc/rfc3533.txt"
4461a0b5c36539cbe32a1a3f88e0bc6b438eb53765a4ffa2e7b03a874fab3cf6,Ogg,3.1.0,31/03/2020,EIF,5c0509f7568696d426de2893d44096f36d8ae2ba4a3fea25d0943a9fd276d640,CAMSS Team,ddf032efca18c9e6eaa97bc90924977af1d96bffe564b351a6081835c75d8164,everis,,,,CAMSS@everis.com,2020-09-30,fa3a7cf6ccb859ff672f6579e000e61d96f0756c83c13b96e3139ae97beb13bd,European Interoperability Framework (EIF),47e7ed6830faf5afca36b869493258d3bb509577b30ef469770a164a0f602ec3,121410ab-c522-4e78-aeb5-4fff5cbf46e8,Ogg,https://xiph.org/ogg/doc/rfc3533.txt,35d317bf5ee5f9080ac657da5237232cdba5d984a0bfbd88af91fbb8c659d506,Other SDO/SSO,,,,,,,,,,,,,2020-09-30,Generic Specification,A39,138786a6e7517e10b94e83ec3b3e7ac79b4c49dcbeaef8d8e993c8df0d173529,ddac96e9-9bec-4639-8622-35098882a2d4,0,d4bbe9e1-3b3a-4985-9a93-636e9dd23fe9,"According to the 5-star Open Data model suggested by Tim Berners-Lee about how to publish linked data, Ogg does not support the main principles for the publication of data as Linked Open Data.

Ogg XIPH reference:
https://xiph.org/ogg/doc/rfc3533.txt

5-star linked open data:
https://www.w3.org/DesignIssues/LinkedData.html"
