assessment_id,assessment_title,tool_version,tool_release_date,scenario,scenario_purpose,submitter_unit_id,L1,submitter_org_id,L2,L3,L4,L5,L6,L7,scenario_id,spec_id,distribution_id,P1,P2,sdo_id,P3,P4,P5,P6,P7,P8,P9,P10,C1,C2,C3,C4,C5,assessment_date,io_spec_type,criterion_camss_id,criterion_sha_id,criterion_description,score_id,score,statement_id,statement
15b049306466f37bd1bda4830de2e375ab79b294090aa94c0c4930034226e1d2,Research Data Repository Interoperability Recommendations,3.0.0,30/04/2019,MSP,"The European Interoperability Framework(EIF) provides guidance to public administrations on how to improve governance of their interoperability activities, establish cross-organisational relationships, streamline processes supporting end-to-end digital services, and ensure that existing and new legislation do not compromise interoperability efforts.This CAMSS Scenario allows to assess the compliance of interoperability specifications with the EIF. The objective of the obtained assessment is to determine the suitability of the assessed interoperability specification for the delivery of interoperable European public services.",5c0509f7568696d426de2893d44096f36d8ae2ba4a3fea25d0943a9fd276d640,CAMSS Team,ddf032efca18c9e6eaa97bc90924977af1d96bffe564b351a6081835c75d8164,everis,,,,CAMSS@everis.com,2020-03-31 00:00:00,9b2d5b4678781e53038e91ea5324530a03f27dc1d0e5f6c9bc9d493a23be9de0,36494a9584ee1783bca7c324d4ad28d012c2919890f9efdb1c151a7869029632,a7f630ca-f7f5-4d22-9b31-2fb613d48883,Research Data Repository Interoperability Recommendations,https://www.rd-alliance.org/group/research-data-repository-interoperability-wg/outcomes/research-data-repository-0,35d317bf5ee5f9080ac657da5237232cdba5d984a0bfbd88af91fbb8c659d506,Other SDO/SSO,,,,,,,,,,,,,3/31/2020,,A1,2d94fbefdcc4c566f135fc475a1c159d175029719782a303705dfb2e4cada6a6,Has the specification been used for different implementations by different vendors/suppliers? ,2f54dd6d-43dc-4de4-a137-f95e2c48b0a8,0,2e8fb8f7-37e4-4119-aeec-06bfa12cbe65,"The specification has been implemented in four different repository platforms as part of the early adoption process. 
Although these tools are a successful proof of concept for the specification, they are not sufficient to consider that the specification has a significant market share of adoption due to the fact that three out of the four implementations have been performed by the Working Group developing the specifications
See:
Fedora Commons,
ICAT https://github.com/RDAResearchDataRepositoryInteropWG/icat-bagit-tool/tree/master/demo
DARIAH Repository https://github.com/RDAResearchDataRepositoryInteropWG/icat-bagit-tool
KIT Data Manager https://github.com/RDAResearchDataRepositoryInteropWG/kitdm-bagit-tool
"
15b049306466f37bd1bda4830de2e375ab79b294090aa94c0c4930034226e1d2,Research Data Repository Interoperability Recommendations,3.0.0,30/04/2019,MSP,"The European Interoperability Framework(EIF) provides guidance to public administrations on how to improve governance of their interoperability activities, establish cross-organisational relationships, streamline processes supporting end-to-end digital services, and ensure that existing and new legislation do not compromise interoperability efforts.This CAMSS Scenario allows to assess the compliance of interoperability specifications with the EIF. The objective of the obtained assessment is to determine the suitability of the assessed interoperability specification for the delivery of interoperable European public services.",5c0509f7568696d426de2893d44096f36d8ae2ba4a3fea25d0943a9fd276d640,CAMSS Team,ddf032efca18c9e6eaa97bc90924977af1d96bffe564b351a6081835c75d8164,everis,,,,CAMSS@everis.com,2020-03-31 00:00:00,9b2d5b4678781e53038e91ea5324530a03f27dc1d0e5f6c9bc9d493a23be9de0,36494a9584ee1783bca7c324d4ad28d012c2919890f9efdb1c151a7869029632,a7f630ca-f7f5-4d22-9b31-2fb613d48883,Research Data Repository Interoperability Recommendations,https://www.rd-alliance.org/group/research-data-repository-interoperability-wg/outcomes/research-data-repository-0,35d317bf5ee5f9080ac657da5237232cdba5d984a0bfbd88af91fbb8c659d506,Other SDO/SSO,,,,,,,,,,,,,3/31/2020,,A2,17edaee27de1ada5f8ee772a0aff160ecdce7a05ce9db18b9a2025f463d0e3a7,Does the implementation of the specification hamper interoperability with the implementation of existing European or international standards? ,70753eef-85e1-4ad6-83d0-d2f583709e9b,0,5f77adf6-158c-42cf-baa6-960d020a50ee,"The recommendatios is iming to achieve seamless interoperability, trust, and ultimately to provide growth and employment opportunities by facilitating data exchange across organisations, disciplines and geographical borders."
15b049306466f37bd1bda4830de2e375ab79b294090aa94c0c4930034226e1d2,Research Data Repository Interoperability Recommendations,3.0.0,30/04/2019,MSP,"The European Interoperability Framework(EIF) provides guidance to public administrations on how to improve governance of their interoperability activities, establish cross-organisational relationships, streamline processes supporting end-to-end digital services, and ensure that existing and new legislation do not compromise interoperability efforts.This CAMSS Scenario allows to assess the compliance of interoperability specifications with the EIF. The objective of the obtained assessment is to determine the suitability of the assessed interoperability specification for the delivery of interoperable European public services.",5c0509f7568696d426de2893d44096f36d8ae2ba4a3fea25d0943a9fd276d640,CAMSS Team,ddf032efca18c9e6eaa97bc90924977af1d96bffe564b351a6081835c75d8164,everis,,,,CAMSS@everis.com,2020-03-31 00:00:00,9b2d5b4678781e53038e91ea5324530a03f27dc1d0e5f6c9bc9d493a23be9de0,36494a9584ee1783bca7c324d4ad28d012c2919890f9efdb1c151a7869029632,a7f630ca-f7f5-4d22-9b31-2fb613d48883,Research Data Repository Interoperability Recommendations,https://www.rd-alliance.org/group/research-data-repository-interoperability-wg/outcomes/research-data-repository-0,35d317bf5ee5f9080ac657da5237232cdba5d984a0bfbd88af91fbb8c659d506,Other SDO/SSO,,,,,,,,,,,,,3/31/2020,,A3,8aee43521f6b3ab69785784831b651574a5496fd5996bb8c61a80e479f633fa0,Are you aware of public references of the respective specification by public authorities (especially policies or in procurements) ?,0f104db3-7b66-4102-bf0d-996509207d89,1,77651f72-9ad1-4dcb-89a9-03528a975775,"All specifications are publicly and openly referenced on the RDA web platform at https://www.rd-alliance.org/recommendations-outputs/adoption-recommendations
All specifications are deposited in official repositories and have DOIs
"
15b049306466f37bd1bda4830de2e375ab79b294090aa94c0c4930034226e1d2,Research Data Repository Interoperability Recommendations,3.0.0,30/04/2019,MSP,"The European Interoperability Framework(EIF) provides guidance to public administrations on how to improve governance of their interoperability activities, establish cross-organisational relationships, streamline processes supporting end-to-end digital services, and ensure that existing and new legislation do not compromise interoperability efforts.This CAMSS Scenario allows to assess the compliance of interoperability specifications with the EIF. The objective of the obtained assessment is to determine the suitability of the assessed interoperability specification for the delivery of interoperable European public services.",5c0509f7568696d426de2893d44096f36d8ae2ba4a3fea25d0943a9fd276d640,CAMSS Team,ddf032efca18c9e6eaa97bc90924977af1d96bffe564b351a6081835c75d8164,everis,,,,CAMSS@everis.com,2020-03-31 00:00:00,9b2d5b4678781e53038e91ea5324530a03f27dc1d0e5f6c9bc9d493a23be9de0,36494a9584ee1783bca7c324d4ad28d012c2919890f9efdb1c151a7869029632,a7f630ca-f7f5-4d22-9b31-2fb613d48883,Research Data Repository Interoperability Recommendations,https://www.rd-alliance.org/group/research-data-repository-interoperability-wg/outcomes/research-data-repository-0,35d317bf5ee5f9080ac657da5237232cdba5d984a0bfbd88af91fbb8c659d506,Other SDO/SSO,,,,,,,,,,,,,3/31/2020,,A4,f6669d041c301e6aadc132bb9de2d1d2f620f9fcb8b5d147c7b08c0393b53d0c,"Does the technical specification or standard cover areas different from areas addressed by technical specifications being under consideration to become a European standard? 
(i.e. technical specifications provided by a non-formal standardisation organisation, that is other than CEN, CENELEC or ETSI can be under consideration to become a European standard or alternatively an identified technical specification)",04811751-6115-45cd-88a8-93433a39cc8d,1,9abce0dc-429b-4b5b-8482-3d366449557b,"RDA Research Data Repository Interoperability Recommendations is a common format for research data. It is an area of application which is not covered by any other technical specification being under consideration to become a European standard. This conclusion has been drawn from the examination of all the programming mandates addressed to CEN, CENELEC and ETSI to the date, CEN’s webpage , CENELEC’s webpage , CEN-CENELEC’s webpage ICT section , the EC Information Providers Guide, Directive (EU) 2016/2102 of the European Parliament and of the Council of 26 October 2016 on the accessibility of the websites and mobile applications of public sector bodies , the standards and tools for exchange and processing of actionable information inventory of ENISA  and the ENISA Programming Document 2018-2020"
15b049306466f37bd1bda4830de2e375ab79b294090aa94c0c4930034226e1d2,Research Data Repository Interoperability Recommendations,3.0.0,30/04/2019,MSP,"The European Interoperability Framework(EIF) provides guidance to public administrations on how to improve governance of their interoperability activities, establish cross-organisational relationships, streamline processes supporting end-to-end digital services, and ensure that existing and new legislation do not compromise interoperability efforts.This CAMSS Scenario allows to assess the compliance of interoperability specifications with the EIF. The objective of the obtained assessment is to determine the suitability of the assessed interoperability specification for the delivery of interoperable European public services.",5c0509f7568696d426de2893d44096f36d8ae2ba4a3fea25d0943a9fd276d640,CAMSS Team,ddf032efca18c9e6eaa97bc90924977af1d96bffe564b351a6081835c75d8164,everis,,,,CAMSS@everis.com,2020-03-31 00:00:00,9b2d5b4678781e53038e91ea5324530a03f27dc1d0e5f6c9bc9d493a23be9de0,36494a9584ee1783bca7c324d4ad28d012c2919890f9efdb1c151a7869029632,a7f630ca-f7f5-4d22-9b31-2fb613d48883,Research Data Repository Interoperability Recommendations,https://www.rd-alliance.org/group/research-data-repository-interoperability-wg/outcomes/research-data-repository-0,35d317bf5ee5f9080ac657da5237232cdba5d984a0bfbd88af91fbb8c659d506,Other SDO/SSO,,,,,,,,,,,,,3/31/2020,,A5a.,c3d200f09880d91d08826557de1524471d65e2807cbd8bc6c5c2bbed77fe47ea,Is the adoption of new European Standards which cover the same areas as the proposed specification (or standard) foreseen within a reasonable timeframe? ,0e82f807-df00-44fd-a0a5-95a613d6a1c7,0,e231bc11-d1a7-4d9f-801d-62fb0d140580,"No overlap has been detected with European standardisation organisations activities at EU level.
This conclusion is based on the work programme of CEN  and ETSI  as published on their respective websites, and on the ENISA Programming Document 2018-2020
"
15b049306466f37bd1bda4830de2e375ab79b294090aa94c0c4930034226e1d2,Research Data Repository Interoperability Recommendations,3.0.0,30/04/2019,MSP,"The European Interoperability Framework(EIF) provides guidance to public administrations on how to improve governance of their interoperability activities, establish cross-organisational relationships, streamline processes supporting end-to-end digital services, and ensure that existing and new legislation do not compromise interoperability efforts.This CAMSS Scenario allows to assess the compliance of interoperability specifications with the EIF. The objective of the obtained assessment is to determine the suitability of the assessed interoperability specification for the delivery of interoperable European public services.",5c0509f7568696d426de2893d44096f36d8ae2ba4a3fea25d0943a9fd276d640,CAMSS Team,ddf032efca18c9e6eaa97bc90924977af1d96bffe564b351a6081835c75d8164,everis,,,,CAMSS@everis.com,2020-03-31 00:00:00,9b2d5b4678781e53038e91ea5324530a03f27dc1d0e5f6c9bc9d493a23be9de0,36494a9584ee1783bca7c324d4ad28d012c2919890f9efdb1c151a7869029632,a7f630ca-f7f5-4d22-9b31-2fb613d48883,Research Data Repository Interoperability Recommendations,https://www.rd-alliance.org/group/research-data-repository-interoperability-wg/outcomes/research-data-repository-0,35d317bf5ee5f9080ac657da5237232cdba5d984a0bfbd88af91fbb8c659d506,Other SDO/SSO,,,,,,,,,,,,,3/31/2020,,A5b.,923825ea86a7939a1cbdcdeb83be96b047beaaeb51b65f1f119e75f841841181,Are there existing European standards with market uptake which cover the same areas as the proposed specification (or standard) being assessed?,3086dc57-ba67-4827-b34d-de1fbb9c33dd,0,4fcf1c17-d65f-4627-afa9-d7aec526d3a2,"Having checked the documentation included in point 2.2.1, the conclusion has been reached of “Research Data Repository Interoperability Recommendations” not being foreseen to be transposed into a European standard within a reasonable time period."
15b049306466f37bd1bda4830de2e375ab79b294090aa94c0c4930034226e1d2,Research Data Repository Interoperability Recommendations,3.0.0,30/04/2019,MSP,"The European Interoperability Framework(EIF) provides guidance to public administrations on how to improve governance of their interoperability activities, establish cross-organisational relationships, streamline processes supporting end-to-end digital services, and ensure that existing and new legislation do not compromise interoperability efforts.This CAMSS Scenario allows to assess the compliance of interoperability specifications with the EIF. The objective of the obtained assessment is to determine the suitability of the assessed interoperability specification for the delivery of interoperable European public services.",5c0509f7568696d426de2893d44096f36d8ae2ba4a3fea25d0943a9fd276d640,CAMSS Team,ddf032efca18c9e6eaa97bc90924977af1d96bffe564b351a6081835c75d8164,everis,,,,CAMSS@everis.com,2020-03-31 00:00:00,9b2d5b4678781e53038e91ea5324530a03f27dc1d0e5f6c9bc9d493a23be9de0,36494a9584ee1783bca7c324d4ad28d012c2919890f9efdb1c151a7869029632,a7f630ca-f7f5-4d22-9b31-2fb613d48883,Research Data Repository Interoperability Recommendations,https://www.rd-alliance.org/group/research-data-repository-interoperability-wg/outcomes/research-data-repository-0,35d317bf5ee5f9080ac657da5237232cdba5d984a0bfbd88af91fbb8c659d506,Other SDO/SSO,,,,,,,,,,,,,3/31/2020,,A6,a085272697eadd8638ed45af45c77ae88aed7cadb14f84d957c5c3b2248bd986,Is the standards developing organisation a non-profit making organisation? ,f80242ef-0482-4241-905a-9caa7e25ee3d,1,cf2a1d29-aaf3-4fc3-ab4b-6bb09f005d56,"The Research Data Alliance (RDA) is a non-profit organisation
See: https://www.rd-alliance.org
"
15b049306466f37bd1bda4830de2e375ab79b294090aa94c0c4930034226e1d2,Research Data Repository Interoperability Recommendations,3.0.0,30/04/2019,MSP,"The European Interoperability Framework(EIF) provides guidance to public administrations on how to improve governance of their interoperability activities, establish cross-organisational relationships, streamline processes supporting end-to-end digital services, and ensure that existing and new legislation do not compromise interoperability efforts.This CAMSS Scenario allows to assess the compliance of interoperability specifications with the EIF. The objective of the obtained assessment is to determine the suitability of the assessed interoperability specification for the delivery of interoperable European public services.",5c0509f7568696d426de2893d44096f36d8ae2ba4a3fea25d0943a9fd276d640,CAMSS Team,ddf032efca18c9e6eaa97bc90924977af1d96bffe564b351a6081835c75d8164,everis,,,,CAMSS@everis.com,2020-03-31 00:00:00,9b2d5b4678781e53038e91ea5324530a03f27dc1d0e5f6c9bc9d493a23be9de0,36494a9584ee1783bca7c324d4ad28d012c2919890f9efdb1c151a7869029632,a7f630ca-f7f5-4d22-9b31-2fb613d48883,Research Data Repository Interoperability Recommendations,https://www.rd-alliance.org/group/research-data-repository-interoperability-wg/outcomes/research-data-repository-0,35d317bf5ee5f9080ac657da5237232cdba5d984a0bfbd88af91fbb8c659d506,Other SDO/SSO,,,,,,,,,,,,,3/31/2020,,A7,4386f49ebcfb474f011867d54ec0e7a7c561f91c288f5809299a05d781432bf0,"Is participation in the creation process of the specification open to all interested parties (e.g. organisations, companies or individuals)?",9696ae69-3356-4c5f-8dcb-3b353b9fcba9,1,60bde0ed-fcd0-49cf-af03-53410b4fdee5,"RDA specification and recommendation processes are open from inception. Individual membership to RDA is free and open to all, as long as individuals subscribe to the RDA Guiding Principles (https://rd-alliance.org/about/get-involved.html):
• Openness – Membership is open to all interested individuals who subscribe to the RDA’s Guiding Principles. RDA community meetings and processes are open, and the deliverables of RDA Working Groups will be publicly disseminated.
• Consensus – The RDA moves forward by achieving consensus among its membership. RDA processes and procedures include appropriate mechanisms to resolve conflicts.
• Balance – The RDA seeks to promote balanced representation of its membership and stakeholder communities.
• Harmonization – The RDA works to achieve harmonization across data standards, policies, technologies, infrastructure, and communities.
• Community-driven – The RDA is a public, community-driven body constituted of volunteer members and organizations, supported by the RDA Secretariat.
• Non-profit - RDA does not promote, endorse, or sell commercial products, technologies, or services.

Organisations may join RDA as members for an annual fee. Full details are provided at https://rd-alliance.org/organisation/rda-organisation-affiliate-members/rda-organisational-membership.html

RDA Specifications, upon delivery, are assessed by the RDA Technical Advisory Board (TAB) and feedback / comments are given. All outputs go through an open and transparent Request for Comments process of 1 month on the RDA web platform. Details on the process are available at - https://www.rd-alliance.org/groups/creating-and-managing-rda-groups/working-group-outputs.html"
15b049306466f37bd1bda4830de2e375ab79b294090aa94c0c4930034226e1d2,Research Data Repository Interoperability Recommendations,3.0.0,30/04/2019,MSP,"The European Interoperability Framework(EIF) provides guidance to public administrations on how to improve governance of their interoperability activities, establish cross-organisational relationships, streamline processes supporting end-to-end digital services, and ensure that existing and new legislation do not compromise interoperability efforts.This CAMSS Scenario allows to assess the compliance of interoperability specifications with the EIF. The objective of the obtained assessment is to determine the suitability of the assessed interoperability specification for the delivery of interoperable European public services.",5c0509f7568696d426de2893d44096f36d8ae2ba4a3fea25d0943a9fd276d640,CAMSS Team,ddf032efca18c9e6eaa97bc90924977af1d96bffe564b351a6081835c75d8164,everis,,,,CAMSS@everis.com,2020-03-31 00:00:00,9b2d5b4678781e53038e91ea5324530a03f27dc1d0e5f6c9bc9d493a23be9de0,36494a9584ee1783bca7c324d4ad28d012c2919890f9efdb1c151a7869029632,a7f630ca-f7f5-4d22-9b31-2fb613d48883,Research Data Repository Interoperability Recommendations,https://www.rd-alliance.org/group/research-data-repository-interoperability-wg/outcomes/research-data-repository-0,35d317bf5ee5f9080ac657da5237232cdba5d984a0bfbd88af91fbb8c659d506,Other SDO/SSO,,,,,,,,,,,,,3/31/2020,,A8,2614723a75c6a002b733f97562482608046dd2e6da97e3073312dbbdaf482279,Are the specifications approved in a decision making process which aims at reaching consensus?,06044511-2735-4435-bfbb-955f4cb88b8b,1,e868ae75-43cb-4265-bc81-d4717f662efe,"Consensus is a foundation upon which the Alliance is built and all processes and procedures, particularly in connection to the focus, work plans, deliverables, milestones and tangible specifications / recommendations are consensus based."
15b049306466f37bd1bda4830de2e375ab79b294090aa94c0c4930034226e1d2,Research Data Repository Interoperability Recommendations,3.0.0,30/04/2019,MSP,"The European Interoperability Framework(EIF) provides guidance to public administrations on how to improve governance of their interoperability activities, establish cross-organisational relationships, streamline processes supporting end-to-end digital services, and ensure that existing and new legislation do not compromise interoperability efforts.This CAMSS Scenario allows to assess the compliance of interoperability specifications with the EIF. The objective of the obtained assessment is to determine the suitability of the assessed interoperability specification for the delivery of interoperable European public services.",5c0509f7568696d426de2893d44096f36d8ae2ba4a3fea25d0943a9fd276d640,CAMSS Team,ddf032efca18c9e6eaa97bc90924977af1d96bffe564b351a6081835c75d8164,everis,,,,CAMSS@everis.com,2020-03-31 00:00:00,9b2d5b4678781e53038e91ea5324530a03f27dc1d0e5f6c9bc9d493a23be9de0,36494a9584ee1783bca7c324d4ad28d012c2919890f9efdb1c151a7869029632,a7f630ca-f7f5-4d22-9b31-2fb613d48883,Research Data Repository Interoperability Recommendations,https://www.rd-alliance.org/group/research-data-repository-interoperability-wg/outcomes/research-data-repository-0,35d317bf5ee5f9080ac657da5237232cdba5d984a0bfbd88af91fbb8c659d506,Other SDO/SSO,,,,,,,,,,,,,3/31/2020,,A9,d310596912dbc916997008f4aed16a81cf5e708cd907e3c53a2e4207468b468b,Is relevant documentation of the development and approval process of the specification archived and identified?,705fdd25-9f4a-4f24-bc3a-27bde9dabaaf,1,f7a01cc5-d845-4b36-b4cd-670d36b07d01,Transparency of the development process is evidenced by a defined and publicly available documentation on the development and maintenance of the specification.
15b049306466f37bd1bda4830de2e375ab79b294090aa94c0c4930034226e1d2,Research Data Repository Interoperability Recommendations,3.0.0,30/04/2019,MSP,"The European Interoperability Framework(EIF) provides guidance to public administrations on how to improve governance of their interoperability activities, establish cross-organisational relationships, streamline processes supporting end-to-end digital services, and ensure that existing and new legislation do not compromise interoperability efforts.This CAMSS Scenario allows to assess the compliance of interoperability specifications with the EIF. The objective of the obtained assessment is to determine the suitability of the assessed interoperability specification for the delivery of interoperable European public services.",5c0509f7568696d426de2893d44096f36d8ae2ba4a3fea25d0943a9fd276d640,CAMSS Team,ddf032efca18c9e6eaa97bc90924977af1d96bffe564b351a6081835c75d8164,everis,,,,CAMSS@everis.com,2020-03-31 00:00:00,9b2d5b4678781e53038e91ea5324530a03f27dc1d0e5f6c9bc9d493a23be9de0,36494a9584ee1783bca7c324d4ad28d012c2919890f9efdb1c151a7869029632,a7f630ca-f7f5-4d22-9b31-2fb613d48883,Research Data Repository Interoperability Recommendations,https://www.rd-alliance.org/group/research-data-repository-interoperability-wg/outcomes/research-data-repository-0,35d317bf5ee5f9080ac657da5237232cdba5d984a0bfbd88af91fbb8c659d506,Other SDO/SSO,,,,,,,,,,,,,3/31/2020,,A10,5b29a4581c52656a3bcf08224b259c29610cb540c56af4512ebe0ded3adeeac1,Is information on (new) standardisation activities widely announced through suitable and accessible means?,82e9a27d-5936-4bf1-bb3c-d7d1dc075407,1,793c1603-b9e2-4630-b2a5-30f3d816e288,Every new version of the specification goes through a defined process with open and public consultations. Request for comments are not restricted to the RDA members but are open to all.
15b049306466f37bd1bda4830de2e375ab79b294090aa94c0c4930034226e1d2,Research Data Repository Interoperability Recommendations,3.0.0,30/04/2019,MSP,"The European Interoperability Framework(EIF) provides guidance to public administrations on how to improve governance of their interoperability activities, establish cross-organisational relationships, streamline processes supporting end-to-end digital services, and ensure that existing and new legislation do not compromise interoperability efforts.This CAMSS Scenario allows to assess the compliance of interoperability specifications with the EIF. The objective of the obtained assessment is to determine the suitability of the assessed interoperability specification for the delivery of interoperable European public services.",5c0509f7568696d426de2893d44096f36d8ae2ba4a3fea25d0943a9fd276d640,CAMSS Team,ddf032efca18c9e6eaa97bc90924977af1d96bffe564b351a6081835c75d8164,everis,,,,CAMSS@everis.com,2020-03-31 00:00:00,9b2d5b4678781e53038e91ea5324530a03f27dc1d0e5f6c9bc9d493a23be9de0,36494a9584ee1783bca7c324d4ad28d012c2919890f9efdb1c151a7869029632,a7f630ca-f7f5-4d22-9b31-2fb613d48883,Research Data Repository Interoperability Recommendations,https://www.rd-alliance.org/group/research-data-repository-interoperability-wg/outcomes/research-data-repository-0,35d317bf5ee5f9080ac657da5237232cdba5d984a0bfbd88af91fbb8c659d506,Other SDO/SSO,,,,,,,,,,,,,3/31/2020,,A11,ab118934e7af3d561b9036668a1de9f17c020207e8ebb0ed33d9405e12eeef4c,All relevant stakeholders can formally appeal or raise objections to the development and approval of specifications?  ,bab1d8fa-b6f6-46ad-ac5a-c30d81d169a7,1,ad02c3c0-fa51-4c34-9b00-c410a50c68d9,"Each of the specification approval phases (TAB, Council, Public RfCs / Consultation) allow for objections and appeals.
See: 
https://www.rd-alliance.org/groups/creating-and-managing-rda-groups/working-group-outputs.html"
15b049306466f37bd1bda4830de2e375ab79b294090aa94c0c4930034226e1d2,Research Data Repository Interoperability Recommendations,3.0.0,30/04/2019,MSP,"The European Interoperability Framework(EIF) provides guidance to public administrations on how to improve governance of their interoperability activities, establish cross-organisational relationships, streamline processes supporting end-to-end digital services, and ensure that existing and new legislation do not compromise interoperability efforts.This CAMSS Scenario allows to assess the compliance of interoperability specifications with the EIF. The objective of the obtained assessment is to determine the suitability of the assessed interoperability specification for the delivery of interoperable European public services.",5c0509f7568696d426de2893d44096f36d8ae2ba4a3fea25d0943a9fd276d640,CAMSS Team,ddf032efca18c9e6eaa97bc90924977af1d96bffe564b351a6081835c75d8164,everis,,,,CAMSS@everis.com,2020-03-31 00:00:00,9b2d5b4678781e53038e91ea5324530a03f27dc1d0e5f6c9bc9d493a23be9de0,36494a9584ee1783bca7c324d4ad28d012c2919890f9efdb1c151a7869029632,a7f630ca-f7f5-4d22-9b31-2fb613d48883,Research Data Repository Interoperability Recommendations,https://www.rd-alliance.org/group/research-data-repository-interoperability-wg/outcomes/research-data-repository-0,35d317bf5ee5f9080ac657da5237232cdba5d984a0bfbd88af91fbb8c659d506,Other SDO/SSO,,,,,,,,,,,,,3/31/2020,,A9,d310596912dbc916997008f4aed16a81cf5e708cd907e3c53a2e4207468b468b,Is relevant documentation of the development and approval process of the specification archived and identified?,38a043ac-2ee7-4e54-b368-bca76572c54f,1,7df21a0c-16dd-4541-9a0a-679aa2322089,Transparency of the development process is evidenced by a defined and publicly available documentation on the development and maintenance of the specification.
15b049306466f37bd1bda4830de2e375ab79b294090aa94c0c4930034226e1d2,Research Data Repository Interoperability Recommendations,3.0.0,30/04/2019,MSP,"The European Interoperability Framework(EIF) provides guidance to public administrations on how to improve governance of their interoperability activities, establish cross-organisational relationships, streamline processes supporting end-to-end digital services, and ensure that existing and new legislation do not compromise interoperability efforts.This CAMSS Scenario allows to assess the compliance of interoperability specifications with the EIF. The objective of the obtained assessment is to determine the suitability of the assessed interoperability specification for the delivery of interoperable European public services.",5c0509f7568696d426de2893d44096f36d8ae2ba4a3fea25d0943a9fd276d640,CAMSS Team,ddf032efca18c9e6eaa97bc90924977af1d96bffe564b351a6081835c75d8164,everis,,,,CAMSS@everis.com,2020-03-31 00:00:00,9b2d5b4678781e53038e91ea5324530a03f27dc1d0e5f6c9bc9d493a23be9de0,36494a9584ee1783bca7c324d4ad28d012c2919890f9efdb1c151a7869029632,a7f630ca-f7f5-4d22-9b31-2fb613d48883,Research Data Repository Interoperability Recommendations,https://www.rd-alliance.org/group/research-data-repository-interoperability-wg/outcomes/research-data-repository-0,35d317bf5ee5f9080ac657da5237232cdba5d984a0bfbd88af91fbb8c659d506,Other SDO/SSO,,,,,,,,,,,,,3/31/2020,,A10,5b29a4581c52656a3bcf08224b259c29610cb540c56af4512ebe0ded3adeeac1,Is information on (new) standardisation activities widely announced through suitable and accessible means?,db2505b4-d125-4277-b498-861d44365230,1,b03201b8-ef06-4d59-94d9-479b783cdc60,Every new version of the specification goes through a defined process with open and public consultations. Request for comments are not restricted to the RDA members but are open to all.
15b049306466f37bd1bda4830de2e375ab79b294090aa94c0c4930034226e1d2,Research Data Repository Interoperability Recommendations,3.0.0,30/04/2019,MSP,"The European Interoperability Framework(EIF) provides guidance to public administrations on how to improve governance of their interoperability activities, establish cross-organisational relationships, streamline processes supporting end-to-end digital services, and ensure that existing and new legislation do not compromise interoperability efforts.This CAMSS Scenario allows to assess the compliance of interoperability specifications with the EIF. The objective of the obtained assessment is to determine the suitability of the assessed interoperability specification for the delivery of interoperable European public services.",5c0509f7568696d426de2893d44096f36d8ae2ba4a3fea25d0943a9fd276d640,CAMSS Team,ddf032efca18c9e6eaa97bc90924977af1d96bffe564b351a6081835c75d8164,everis,,,,CAMSS@everis.com,2020-03-31 00:00:00,9b2d5b4678781e53038e91ea5324530a03f27dc1d0e5f6c9bc9d493a23be9de0,36494a9584ee1783bca7c324d4ad28d012c2919890f9efdb1c151a7869029632,a7f630ca-f7f5-4d22-9b31-2fb613d48883,Research Data Repository Interoperability Recommendations,https://www.rd-alliance.org/group/research-data-repository-interoperability-wg/outcomes/research-data-repository-0,35d317bf5ee5f9080ac657da5237232cdba5d984a0bfbd88af91fbb8c659d506,Other SDO/SSO,,,,,,,,,,,,,3/31/2020,,A11,ab118934e7af3d561b9036668a1de9f17c020207e8ebb0ed33d9405e12eeef4c,All relevant stakeholders can formally appeal or raise objections to the development and approval of specifications?  ,050e0b45-1465-42d6-a726-e30d30a4e5bd,1,692e4b43-8c83-43b1-861d-bb08747dcb8d,"Each of the specification approval phases (TAB, Council, Public RfCs / Consultation) allow for objections and appeals.
See: 
https://www.rd-alliance.org/groups/creating-and-managing-rda-groups/working-group-outputs.html"
15b049306466f37bd1bda4830de2e375ab79b294090aa94c0c4930034226e1d2,Research Data Repository Interoperability Recommendations,3.0.0,30/04/2019,MSP,"The European Interoperability Framework(EIF) provides guidance to public administrations on how to improve governance of their interoperability activities, establish cross-organisational relationships, streamline processes supporting end-to-end digital services, and ensure that existing and new legislation do not compromise interoperability efforts.This CAMSS Scenario allows to assess the compliance of interoperability specifications with the EIF. The objective of the obtained assessment is to determine the suitability of the assessed interoperability specification for the delivery of interoperable European public services.",5c0509f7568696d426de2893d44096f36d8ae2ba4a3fea25d0943a9fd276d640,CAMSS Team,ddf032efca18c9e6eaa97bc90924977af1d96bffe564b351a6081835c75d8164,everis,,,,CAMSS@everis.com,2020-03-31 00:00:00,9b2d5b4678781e53038e91ea5324530a03f27dc1d0e5f6c9bc9d493a23be9de0,36494a9584ee1783bca7c324d4ad28d012c2919890f9efdb1c151a7869029632,a7f630ca-f7f5-4d22-9b31-2fb613d48883,Research Data Repository Interoperability Recommendations,https://www.rd-alliance.org/group/research-data-repository-interoperability-wg/outcomes/research-data-repository-0,35d317bf5ee5f9080ac657da5237232cdba5d984a0bfbd88af91fbb8c659d506,Other SDO/SSO,,,,,,,,,,,,,3/31/2020,,A12,cac1c963ee5c3624035d7a98a8577db18d04ad6528afc51785f1230f23566ff1,Does the specification have a defined maintenance and support process?,2bc8a42d-509f-4e48-a199-9d8dae7fb901,0,ba922dfd-3a2b-4d51-a5e8-1420792f3f4d,"The Working Group in charge of developing the specification initially provides a light-weight maintenance plan however, it is not a complete maintenance and support process. "
15b049306466f37bd1bda4830de2e375ab79b294090aa94c0c4930034226e1d2,Research Data Repository Interoperability Recommendations,3.0.0,30/04/2019,MSP,"The European Interoperability Framework(EIF) provides guidance to public administrations on how to improve governance of their interoperability activities, establish cross-organisational relationships, streamline processes supporting end-to-end digital services, and ensure that existing and new legislation do not compromise interoperability efforts.This CAMSS Scenario allows to assess the compliance of interoperability specifications with the EIF. The objective of the obtained assessment is to determine the suitability of the assessed interoperability specification for the delivery of interoperable European public services.",5c0509f7568696d426de2893d44096f36d8ae2ba4a3fea25d0943a9fd276d640,CAMSS Team,ddf032efca18c9e6eaa97bc90924977af1d96bffe564b351a6081835c75d8164,everis,,,,CAMSS@everis.com,2020-03-31 00:00:00,9b2d5b4678781e53038e91ea5324530a03f27dc1d0e5f6c9bc9d493a23be9de0,36494a9584ee1783bca7c324d4ad28d012c2919890f9efdb1c151a7869029632,a7f630ca-f7f5-4d22-9b31-2fb613d48883,Research Data Repository Interoperability Recommendations,https://www.rd-alliance.org/group/research-data-repository-interoperability-wg/outcomes/research-data-repository-0,35d317bf5ee5f9080ac657da5237232cdba5d984a0bfbd88af91fbb8c659d506,Other SDO/SSO,,,,,,,,,,,,,3/31/2020,,A13,7ede9122e530b12ca81694e3ce1f21fa7cf4d6d071d0edb0a2082a0e0d2ad8e4,Is the specification publicly available for implementation and use on reasonable terms?,893013e7-e7f4-419e-9a82-f3a02ce3e31e,1,3d68638c-1423-4ab0-a911-7dac18b42f0f,All of the RDA specifications are openly available and free of charge.
15b049306466f37bd1bda4830de2e375ab79b294090aa94c0c4930034226e1d2,Research Data Repository Interoperability Recommendations,3.0.0,30/04/2019,MSP,"The European Interoperability Framework(EIF) provides guidance to public administrations on how to improve governance of their interoperability activities, establish cross-organisational relationships, streamline processes supporting end-to-end digital services, and ensure that existing and new legislation do not compromise interoperability efforts.This CAMSS Scenario allows to assess the compliance of interoperability specifications with the EIF. The objective of the obtained assessment is to determine the suitability of the assessed interoperability specification for the delivery of interoperable European public services.",5c0509f7568696d426de2893d44096f36d8ae2ba4a3fea25d0943a9fd276d640,CAMSS Team,ddf032efca18c9e6eaa97bc90924977af1d96bffe564b351a6081835c75d8164,everis,,,,CAMSS@everis.com,2020-03-31 00:00:00,9b2d5b4678781e53038e91ea5324530a03f27dc1d0e5f6c9bc9d493a23be9de0,36494a9584ee1783bca7c324d4ad28d012c2919890f9efdb1c151a7869029632,a7f630ca-f7f5-4d22-9b31-2fb613d48883,Research Data Repository Interoperability Recommendations,https://www.rd-alliance.org/group/research-data-repository-interoperability-wg/outcomes/research-data-repository-0,35d317bf5ee5f9080ac657da5237232cdba5d984a0bfbd88af91fbb8c659d506,Other SDO/SSO,,,,,,,,,,,,,3/31/2020,,A14a.,164f43cef11b50b88c51c7115a7b37e506af696852ddaf46dfc1cb1c1521ec6d,Is the specification licensed on a (F)RAND basis?,ca53bcd9-10fc-4f90-abca-bc2decae23c7,1,db4d24d9-d7fa-4f7c-a628-2d95f3864b31,"All Outputs packages have been published under the Creative Commons Attribution (CC-BY) licence. RDA’s IPR policy:
See: 
 http://dx.doi.org/10.15497/DA8C2CC2-A7AF-4E3A-A4D6-C100E5C27492"
15b049306466f37bd1bda4830de2e375ab79b294090aa94c0c4930034226e1d2,Research Data Repository Interoperability Recommendations,3.0.0,30/04/2019,MSP,"The European Interoperability Framework(EIF) provides guidance to public administrations on how to improve governance of their interoperability activities, establish cross-organisational relationships, streamline processes supporting end-to-end digital services, and ensure that existing and new legislation do not compromise interoperability efforts.This CAMSS Scenario allows to assess the compliance of interoperability specifications with the EIF. The objective of the obtained assessment is to determine the suitability of the assessed interoperability specification for the delivery of interoperable European public services.",5c0509f7568696d426de2893d44096f36d8ae2ba4a3fea25d0943a9fd276d640,CAMSS Team,ddf032efca18c9e6eaa97bc90924977af1d96bffe564b351a6081835c75d8164,everis,,,,CAMSS@everis.com,2020-03-31 00:00:00,9b2d5b4678781e53038e91ea5324530a03f27dc1d0e5f6c9bc9d493a23be9de0,36494a9584ee1783bca7c324d4ad28d012c2919890f9efdb1c151a7869029632,a7f630ca-f7f5-4d22-9b31-2fb613d48883,Research Data Repository Interoperability Recommendations,https://www.rd-alliance.org/group/research-data-repository-interoperability-wg/outcomes/research-data-repository-0,35d317bf5ee5f9080ac657da5237232cdba5d984a0bfbd88af91fbb8c659d506,Other SDO/SSO,,,,,,,,,,,,,3/31/2020,,A14b.,cd828c0ec9887027bdb6b981560bde593cda27c080298ab36323ba5441ba4c31,Is the specification licensed on a royalty-free basis?,492789f5-e99a-4734-addf-a513af10ecf8,1,d1e8ea0d-0ebe-4645-85e1-55068aeab4d2,"All Outputs packages have been published under the Creative Commons Attribution (CC-BY) licence. RDA’s IPR policy:
See: 
 http://dx.doi.org/10.15497/DA8C2CC2-A7AF-4E3A-A4D6-C100E5C27492"
15b049306466f37bd1bda4830de2e375ab79b294090aa94c0c4930034226e1d2,Research Data Repository Interoperability Recommendations,3.0.0,30/04/2019,MSP,"The European Interoperability Framework(EIF) provides guidance to public administrations on how to improve governance of their interoperability activities, establish cross-organisational relationships, streamline processes supporting end-to-end digital services, and ensure that existing and new legislation do not compromise interoperability efforts.This CAMSS Scenario allows to assess the compliance of interoperability specifications with the EIF. The objective of the obtained assessment is to determine the suitability of the assessed interoperability specification for the delivery of interoperable European public services.",5c0509f7568696d426de2893d44096f36d8ae2ba4a3fea25d0943a9fd276d640,CAMSS Team,ddf032efca18c9e6eaa97bc90924977af1d96bffe564b351a6081835c75d8164,everis,,,,CAMSS@everis.com,2020-03-31 00:00:00,9b2d5b4678781e53038e91ea5324530a03f27dc1d0e5f6c9bc9d493a23be9de0,36494a9584ee1783bca7c324d4ad28d012c2919890f9efdb1c151a7869029632,a7f630ca-f7f5-4d22-9b31-2fb613d48883,Research Data Repository Interoperability Recommendations,https://www.rd-alliance.org/group/research-data-repository-interoperability-wg/outcomes/research-data-repository-0,35d317bf5ee5f9080ac657da5237232cdba5d984a0bfbd88af91fbb8c659d506,Other SDO/SSO,,,,,,,,,,,,,3/31/2020,,A15a.,54c6979e14b0fde712302882b436570c15837c2941dd6060e9b8615052bca4e1,Does the  specification address and facilitate interoperability between public administrations?,55189239-2a56-4f29-aed8-e97967793065,1,bdbbabfb-8c48-4721-b755-eab99b3a2e3f,"The RDA specifications address and will facilitate interoperability between public administrations and repositories, public and private providers. The 4 specifications listed here as well as the others in the evaluation process are all components necessary and essential for data sharing, access, re-use, preservation, citation, etc. All of them contribute to data interoperability in the new digital economy irrespective of the organisation who implements / uses them."
15b049306466f37bd1bda4830de2e375ab79b294090aa94c0c4930034226e1d2,Research Data Repository Interoperability Recommendations,3.0.0,30/04/2019,MSP,"The European Interoperability Framework(EIF) provides guidance to public administrations on how to improve governance of their interoperability activities, establish cross-organisational relationships, streamline processes supporting end-to-end digital services, and ensure that existing and new legislation do not compromise interoperability efforts.This CAMSS Scenario allows to assess the compliance of interoperability specifications with the EIF. The objective of the obtained assessment is to determine the suitability of the assessed interoperability specification for the delivery of interoperable European public services.",5c0509f7568696d426de2893d44096f36d8ae2ba4a3fea25d0943a9fd276d640,CAMSS Team,ddf032efca18c9e6eaa97bc90924977af1d96bffe564b351a6081835c75d8164,everis,,,,CAMSS@everis.com,2020-03-31 00:00:00,9b2d5b4678781e53038e91ea5324530a03f27dc1d0e5f6c9bc9d493a23be9de0,36494a9584ee1783bca7c324d4ad28d012c2919890f9efdb1c151a7869029632,a7f630ca-f7f5-4d22-9b31-2fb613d48883,Research Data Repository Interoperability Recommendations,https://www.rd-alliance.org/group/research-data-repository-interoperability-wg/outcomes/research-data-repository-0,35d317bf5ee5f9080ac657da5237232cdba5d984a0bfbd88af91fbb8c659d506,Other SDO/SSO,,,,,,,,,,,,,3/31/2020,,A15b.,df3d12df0d66137fac78fd8e7edde75f94e132cb64f645594cd2a27d3c726bb1,"Is there evidence that the adoption of the specification positively impacts one or several of the following: organisational processes; the environment; the administrative burden; the disability support; cross-border services, public policy objectives and societal needs ?",46e0781d-c211-4748-a107-48ccc16da2a3,1,603b6327-2856-43dc-9f6d-73b845585835,The RDA website also collects expressions of interest from potential adopters via “Become an RDA Adopter” section  and encourages adopters to submit “Adoption Stories” . RDA has organised a series of webinars  focused on the adoption of the RDA Outputs & Recommendations encouraging dialogue and interaction and facilitating uptake.
15b049306466f37bd1bda4830de2e375ab79b294090aa94c0c4930034226e1d2,Research Data Repository Interoperability Recommendations,3.0.0,30/04/2019,MSP,"The European Interoperability Framework(EIF) provides guidance to public administrations on how to improve governance of their interoperability activities, establish cross-organisational relationships, streamline processes supporting end-to-end digital services, and ensure that existing and new legislation do not compromise interoperability efforts.This CAMSS Scenario allows to assess the compliance of interoperability specifications with the EIF. The objective of the obtained assessment is to determine the suitability of the assessed interoperability specification for the delivery of interoperable European public services.",5c0509f7568696d426de2893d44096f36d8ae2ba4a3fea25d0943a9fd276d640,CAMSS Team,ddf032efca18c9e6eaa97bc90924977af1d96bffe564b351a6081835c75d8164,everis,,,,CAMSS@everis.com,2020-03-31 00:00:00,9b2d5b4678781e53038e91ea5324530a03f27dc1d0e5f6c9bc9d493a23be9de0,36494a9584ee1783bca7c324d4ad28d012c2919890f9efdb1c151a7869029632,a7f630ca-f7f5-4d22-9b31-2fb613d48883,Research Data Repository Interoperability Recommendations,https://www.rd-alliance.org/group/research-data-repository-interoperability-wg/outcomes/research-data-repository-0,35d317bf5ee5f9080ac657da5237232cdba5d984a0bfbd88af91fbb8c659d506,Other SDO/SSO,,,,,,,,,,,,,3/31/2020,,A16a.,33b5b305bcc0a995fd3c592dc8a6f52d0749a6e817aa85844f3e4f31c7dea344,Is the specification largely independent from specific vendor products?,5fe2e332-f38c-4680-9b5d-baf4494ee737,1,d70e3bc3-0e33-463c-8255-6790af4959c7,The specification can be used independently from specific vendor products.
15b049306466f37bd1bda4830de2e375ab79b294090aa94c0c4930034226e1d2,Research Data Repository Interoperability Recommendations,3.0.0,30/04/2019,MSP,"The European Interoperability Framework(EIF) provides guidance to public administrations on how to improve governance of their interoperability activities, establish cross-organisational relationships, streamline processes supporting end-to-end digital services, and ensure that existing and new legislation do not compromise interoperability efforts.This CAMSS Scenario allows to assess the compliance of interoperability specifications with the EIF. The objective of the obtained assessment is to determine the suitability of the assessed interoperability specification for the delivery of interoperable European public services.",5c0509f7568696d426de2893d44096f36d8ae2ba4a3fea25d0943a9fd276d640,CAMSS Team,ddf032efca18c9e6eaa97bc90924977af1d96bffe564b351a6081835c75d8164,everis,,,,CAMSS@everis.com,2020-03-31 00:00:00,9b2d5b4678781e53038e91ea5324530a03f27dc1d0e5f6c9bc9d493a23be9de0,36494a9584ee1783bca7c324d4ad28d012c2919890f9efdb1c151a7869029632,a7f630ca-f7f5-4d22-9b31-2fb613d48883,Research Data Repository Interoperability Recommendations,https://www.rd-alliance.org/group/research-data-repository-interoperability-wg/outcomes/research-data-repository-0,35d317bf5ee5f9080ac657da5237232cdba5d984a0bfbd88af91fbb8c659d506,Other SDO/SSO,,,,,,,,,,,,,3/31/2020,,A16b.,aa6ea51e02f049efbd153499fb071e07c5f49ba6a0343203440380497057d70e,Is the specification largely independent from specific platforms or technologies?,1271182a-6535-44e3-8884-a3c3f6f6b242,1,4c89b839-ee82-4607-befa-ce24af169c78,The specification can be used independently from specific operating systems and hardware platforms.
15b049306466f37bd1bda4830de2e375ab79b294090aa94c0c4930034226e1d2,Research Data Repository Interoperability Recommendations,3.0.0,30/04/2019,MSP,"The European Interoperability Framework(EIF) provides guidance to public administrations on how to improve governance of their interoperability activities, establish cross-organisational relationships, streamline processes supporting end-to-end digital services, and ensure that existing and new legislation do not compromise interoperability efforts.This CAMSS Scenario allows to assess the compliance of interoperability specifications with the EIF. The objective of the obtained assessment is to determine the suitability of the assessed interoperability specification for the delivery of interoperable European public services.",5c0509f7568696d426de2893d44096f36d8ae2ba4a3fea25d0943a9fd276d640,CAMSS Team,ddf032efca18c9e6eaa97bc90924977af1d96bffe564b351a6081835c75d8164,everis,,,,CAMSS@everis.com,2020-03-31 00:00:00,9b2d5b4678781e53038e91ea5324530a03f27dc1d0e5f6c9bc9d493a23be9de0,36494a9584ee1783bca7c324d4ad28d012c2919890f9efdb1c151a7869029632,a7f630ca-f7f5-4d22-9b31-2fb613d48883,Research Data Repository Interoperability Recommendations,https://www.rd-alliance.org/group/research-data-repository-interoperability-wg/outcomes/research-data-repository-0,35d317bf5ee5f9080ac657da5237232cdba5d984a0bfbd88af91fbb8c659d506,Other SDO/SSO,,,,,,,,,,,,,3/31/2020,,A17,6f7b3377cc1836eb056d44786260085e36fc1d6856a3aa3d37fe017e16cfc319,"Has the specification sufficient detail, consistency and completeness for the use and development of products and services?",9aa320b3-f60b-4a0c-9f23-a45e03bbd88a,1,7f933425-a29f-4e3d-a08a-0e98e759017a,"The fact that the specification has been adopted by different organisations demonstrates that the specification has sufficient completeness and consistency for the use and development of products and services. 
Additionally, the quality of the specification is evidenced by the fact that its underlying specifications are known, well adopted and stable exchange formats. This will allow further interoperability with systems implementing them.  
"
